original_text,english_text
. PDTI disponível em https://www.gov.br/receitafederal/pt-br/centrais-de-conteudo/publicacoes/relatorios/plano-diretor-de-tecnologia-da-informacao-e-comunicacoes/pdti-2023-2024.pdf/view,. PDTI disponível em https://www.gov.br/receitafederal/pt-br/centrais-de-conteudo/publicacoes/relatorios/plano-diretor-de-tecnologia-da-informacao-e-comunicacoes/pdti-2023-2024.pdf/view
A modo de ejemplo: https://www.dipres.gob.cl/598/w3-propertyvalue-25291.html,A modo de ejemplo: https://www.dipres.gob.cl/598/w3-propertyvalue-25291.html
Acceso a la Plataforma es la siguiente: www.sigep.gob.bo,Acceso a la Plataforma es la siguiente: www.sigep.gob.bo
SERCOP rendición de cuentas: https://portal.compraspublicas.gob.ec/sercop/rendicion-de-cuentas-2022/,SERCOP rendición de cuentas: https://portal.compraspublicas.gob.ec/sercop/rendicion-de-cuentas-2022/
http://epymodel.uaa.edu.py/ https://dgvs.mspbs.gov.py/registro_y_vigilancia_de_tumores/ https://dgvs.mspbs.gov.py/delegados-del-cdc-y-ops-visitan-el-pais/,http://epymodel.uaa.edu.py/ https://dgvs.mspbs.gov.py/registro_y_vigilancia_de_tumores/ https://dgvs.mspbs.gov.py/delegados-del-cdc-y-ops-visitan-el-pais/
http://h1.honducompras.gob.hn/ https://oncae.gob.hn/biblioteca-virtual/manuales-y-guias,http://h1.honducompras.gob.hn/ https://oncae.gob.hn/biblioteca-virtual/manuales-y-guias
http://sicc.honducompras.gob.hn/HC/procesos/busquedahistorico.aspx,http://sicc.honducompras.gob.hn/HC/procesos/busquedahistorico.aspx
https://Tableau.bra.gov.bb,https://Tableau.bra.gov.bb
https://Tamis.bra.gov.bb https://portal.bra.gov.bb https://bill.bra.gov.bb https://Tableau.bra.gov.bb Vailtech - Land Tax,https://Tamis.bra.gov.bb https://portal.bra.gov.bb https://bill.bra.gov.bb https://Tableau.bra.gov.bb Vailtech - Land Tax
https://amie.educacion.gob.ec/asesoriaIE/asesoria.php y https://educacion.gob.ec/datos-abiertos/,https://amie.educacion.gob.ec/asesoriaIE/asesoria.php y https://educacion.gob.ec/datos-abiertos/
https://bz-moeys.openemis.org/core/ https://www.openemis.org/,https://bz-moeys.openemis.org/core/ https://www.openemis.org/
https://dgi.mef.gob.pa/Transparencia/Boletin.php,https://dgi.mef.gob.pa/Transparencia/Boletin.php
https://dgvs.mspbs.gov.py/ https://dgvs.mspbs.gov.py/arbovirosis/,https://dgvs.mspbs.gov.py/ https://dgvs.mspbs.gov.py/arbovirosis/
https://dvent.mspbs.gov.py/todo-lo-que-tienes-que-saber-acerca-de-la-ii-encuesta-nacional-de-factores-de-riesgo/ https://dvent.mspbs.gov.py/estrategia-nacional-para-la-prevencion-y-el-control-de-la-obesidad-2015-2025/ https://dvent.mspbs.gov.py/plan-operacional-para-la-implementacion-de-la-estrategia-nacional-para-la-prevencion-y-el-control-de-la-obesidad-2015-2025/ https://dvent.mspbs.gov.py/politica-de-promocion-de-la-actividad-fisica-con-enfoque-en-el-ciclo-vital/ https://dvent.mspbs.gov.py/politica-nacional-de-prevencion-del-consumo-nocivo-de-bebidas-alcoholicas/ https://dvent.mspbs.gov.py/analisis-de-la-situacion-de-las-enfermedades-cronicas-no-transmisibles/ https://dgvs.mspbs.gov.py/wp-content/uploads/2023/08/Informe-CARGA-de-la-enfermedad-publicacion-DGVS.pdf,https://dvent.mspbs.gov.py/todo-lo-que-tienes-que-saber-acerca-de-la-ii-encuesta-nacional-de-factores-de-riesgo/ https://dvent.mspbs.gov.py/estrategia-nacional-para-la-prevencion-y-el-control-de-la-obesidad-2015-2025/ https://dvent.mspbs.gov.py/plan-operacional-para-la-implementacion-de-la-estrategia-nacional-para-la-prevencion-y-el-control-de-la-obesidad-2015-2025/ https://dvent.mspbs.gov.py/politica-de-promocion-de-la-actividad-fisica-con-enfoque-en-el-ciclo-vital/ https://dvent.mspbs.gov.py/politica-nacional-de-prevencion-del-consumo-nocivo-de-bebidas-alcoholicas/ https://dvent.mspbs.gov.py/analisis-de-la-situacion-de-las-enfermedades-cronicas-no-transmisibles/ https://dgvs.mspbs.gov.py/wp-content/uploads/2023/08/Informe-CARGA-de-la-enfermedad-publicacion-DGVS.pdf
https://estadistica.mineduc.gob.gt/anuario/,https://estadistica.mineduc.gob.gt/anuario/
https://estadisticas.minsalud.gob.bo/ https://snis.minsalud.gob.bo,https://estadisticas.minsalud.gob.bo/ https://snis.minsalud.gob.bo
https://fpublico.mef.gob.pa/es,https://fpublico.mef.gob.pa/es
https://gobiernoabierto.gob.pa/gobierno-abierto/  https://www.antai.gob.pa/,https://gobiernoabierto.gob.pa/gobierno-abierto/  https://www.antai.gob.pa/
https://health.gov.vc/health/index.php/health-information-system,https://health.gov.vc/health/index.php/health-information-system
https://observatorio.arce.gub.uy/eportal/  https://www.gub.uy/agencia-reguladora-compras-estatales/datos-y-estadisticas/datos,https://observatorio.arce.gub.uy/eportal/  https://www.gub.uy/agencia-reguladora-compras-estatales/datos-y-estadisticas/datos
https://oncae.gob.hn/biblioteca-virtual/manuales-y-guias,https://oncae.gob.hn/biblioteca-virtual/manuales-y-guias
https://oncae.gob.hn/ciudadania/informes-y-boletines  https://contratacionesabiertas.gob.hn/,https://oncae.gob.hn/ciudadania/informes-y-boletines  https://contratacionesabiertas.gob.hn/
https://pai.mspbs.gov.py/mapainteractivocovid-19/  https://sistemasdgvs.mspbs.gov.py/sistemas/itdgvsops/ https://sistemasdgvs.mspbs.gov.py/sistemas/itdgvs/ https://sistemasdgvs.mspbs.gov.py/sistemas/dashboardeno/ https://dgvs.mspbs.gov.py/reporte-eno/ https://dgvs.mspbs.gov.py/boletin-epidemiologico-semanal/ https://dgvs.mspbs.gov.py/reporte-covid-19/ https://dgvs.mspbs.gov.py/evolucion-del-covid-19/ https://dgvs.mspbs.gov.py/mapa-de-riesgo-covid-19/ https://sistemasdgvs.mspbs.gov.py/webdgvs/page/#vista_tablero_exceso_mortalidad_covid19.html https://dgvs.mspbs.gov.py/arbovirosis/ https://dgvs.mspbs.gov.py/tablero-senepa-2023/ https://dgvs.mspbs.gov.py/inundaciones/ https://dgvs.mspbs.gov.py/eventos_ambientales/ https://dgvs.mspbs.gov.py/infecciones-respiratorias-agudas-y-graves/ https://dgvs.mspbs.gov.py/meningoencefalitis/ https://dgvs.mspbs.gov.py/influenzaaviar/ https://dgvs.mspbs.gov.py/vigicanpy/ https://diabetes.mspbs.gov.py/ https://dgvs.mspbs.gov.py/informes-anuales2/,https://pai.mspbs.gov.py/mapainteractivocovid-19/  https://sistemasdgvs.mspbs.gov.py/sistemas/itdgvsops/ https://sistemasdgvs.mspbs.gov.py/sistemas/itdgvs/ https://sistemasdgvs.mspbs.gov.py/sistemas/dashboardeno/ https://dgvs.mspbs.gov.py/reporte-eno/ https://dgvs.mspbs.gov.py/boletin-epidemiologico-semanal/ https://dgvs.mspbs.gov.py/reporte-covid-19/ https://dgvs.mspbs.gov.py/evolucion-del-covid-19/ https://dgvs.mspbs.gov.py/mapa-de-riesgo-covid-19/ https://sistemasdgvs.mspbs.gov.py/webdgvs/page/#vista_tablero_exceso_mortalidad_covid19.html https://dgvs.mspbs.gov.py/arbovirosis/ https://dgvs.mspbs.gov.py/tablero-senepa-2023/ https://dgvs.mspbs.gov.py/inundaciones/ https://dgvs.mspbs.gov.py/eventos_ambientales/ https://dgvs.mspbs.gov.py/infecciones-respiratorias-agudas-y-graves/ https://dgvs.mspbs.gov.py/meningoencefalitis/ https://dgvs.mspbs.gov.py/influenzaaviar/ https://dgvs.mspbs.gov.py/vigicanpy/ https://diabetes.mspbs.gov.py/ https://dgvs.mspbs.gov.py/informes-anuales2/
https://portal.mspbs.gov.py/digies/ https://dgvs.mspbs.gov.py/ https://dvent.mspbs.gov.py/,https://portal.mspbs.gov.py/digies/ https://dgvs.mspbs.gov.py/ https://dvent.mspbs.gov.py/
https://pyenresultados.rindiendocuentas.gov.py/ https://ppr.hacienda.gov.py/?page_id=2209 https://www.economia.gov.py/index.php/datos-economicos/deuda-publica https://www.economia.gov.py/index.php/datos-economicos/situacion-financiera-del-paraguay-situfin https://www.mef.gov.py/web-contabilidad/index.php?c=306,https://pyenresultados.rindiendocuentas.gov.py/ https://ppr.hacienda.gov.py/?page_id=2209 https://www.economia.gov.py/index.php/datos-economicos/deuda-publica https://www.economia.gov.py/index.php/datos-economicos/situacion-financiera-del-paraguay-situfin https://www.mef.gov.py/web-contabilidad/index.php?c=306
https://sace.se.gob.hn  https://sart.se.gob.hn,https://sace.se.gob.hn  https://sart.se.gob.hn
https://sace.se.gob.hn  https://sart.se.gob.hn  https://planmaestro.se.gob.hn,https://sace.se.gob.hn  https://sart.se.gob.hn  https://planmaestro.se.gob.hn
https://sart.se.gob.hn,https://sart.se.gob.hn
https://seie.minedu.gob.bo/ https://reportes.sie.gob.bo/reporteestadistico/,https://seie.minedu.gob.bo/ https://reportes.sie.gob.bo/reporteestadistico/
https://sige.mineduc.cl/Sige/Login,https://sige.mineduc.cl/Sige/Login
https://simeplans.minsa.gob.pa/login.zul,https://simeplans.minsa.gob.pa/login.zul
https://tamis.bra.gov.bb https://tableau.bra.gov.bb,https://tamis.bra.gov.bb https://tableau.bra.gov.bb
https://tesourogerencial.tesouro.gov.br/,https://tesourogerencial.tesouro.gov.br/
https://www.datosabiertos.gob.pa/,https://www.datosabiertos.gob.pa/
"https://www.datosabiertos.gob.pa/  https://www.mef.gob.pa/ en la sección de documentos, finanzas públicas.","https://www.datosabiertos.gob.pa/  https://www.mef.gob.pa/ en la sección de documentos, finanzas públicas."
https://www.diger.gob.hn/sigpret,https://www.diger.gob.hn/sigpret
https://www.economiayfinanzas.gob.bo/index.php/saldos-y-cuentas-  fiscales-vpcf   https://www.economiayfinanzas.gob.bo/index.php/viceministerios/vpcf/presupuesto-ciudadano https://www.economiayfinanzas.gob.bo/index.php/transparencia-memorias-institucionales https://www.economiayfinanzas.gob.bo/cartillas https://www.economiayfinanzas.gob.bo/boletines https://www.economiayfinanzas.gob.bo/index.php/ejecucion-sector-publico-no-financiero https://www.economiayfinanzas.gob.bo/ https://www.economiayfinanzas.gob.bo/index.php/boletines,https://www.economiayfinanzas.gob.bo/index.php/saldos-y-cuentas-  fiscales-vpcf   https://www.economiayfinanzas.gob.bo/index.php/viceministerios/vpcf/presupuesto-ciudadano https://www.economiayfinanzas.gob.bo/index.php/transparencia-memorias-institucionales https://www.economiayfinanzas.gob.bo/cartillas https://www.economiayfinanzas.gob.bo/boletines https://www.economiayfinanzas.gob.bo/index.php/ejecucion-sector-publico-no-financiero https://www.economiayfinanzas.gob.bo/ https://www.economiayfinanzas.gob.bo/index.php/boletines
https://www.gojep.gov.jm/epps/home.do http://pedms.ppc.gov.jm,https://www.gojep.gov.jm/epps/home.do http://pedms.ppc.gov.jm
https://www.gub.uy/agencia-reguladora-compras-estatales/,https://www.gub.uy/agencia-reguladora-compras-estatales/
https://www.impo.com.uy/bases/leyes/18381-2008,https://www.impo.com.uy/bases/leyes/18381-2008
https://www.mef.gob.pa/presupuesto-abierto-2022/ https://www.datosabiertos.gob.pa/  https://sipres.mef.gob.pa/SIPRES/index.php,https://www.mef.gob.pa/presupuesto-abierto-2022/ https://www.datosabiertos.gob.pa/  https://sipres.mef.gob.pa/SIPRES/index.php
https://www.mef.gov.py/web-contabilidad/index.php?c=306 https://www.mef.gov.py/web-presupuesto/index.php?c=348 https://www.mef.gov.py/situfin/,https://www.mef.gov.py/web-contabilidad/index.php?c=306 https://www.mef.gov.py/web-presupuesto/index.php?c=348 https://www.mef.gov.py/situfin/
https://www.mef.gov.py/web-presupuesto/ https://www.mef.gov.py/web-presupuesto/index.php?c=356 https://ppr.hacienda.gov.py/ http://168.90.176.79:8080/gastos_anual/ https://pyenresultados.rindiendocuentas.gov.py/ https://datos.hacienda.gov.py/ https://www.economia.gov.py/application/files/9716/9891/9507/IFP_PGN_2024__Final.pdf https://www.economia.gov.py/index.php/informes-y-publicaciones,https://www.mef.gov.py/web-presupuesto/ https://www.mef.gov.py/web-presupuesto/index.php?c=356 https://ppr.hacienda.gov.py/ http://168.90.176.79:8080/gastos_anual/ https://pyenresultados.rindiendocuentas.gov.py/ https://datos.hacienda.gov.py/ https://www.economia.gov.py/application/files/9716/9891/9507/IFP_PGN_2024__Final.pdf https://www.economia.gov.py/index.php/informes-y-publicaciones
https://www.onsec.gob.gt/w/index.php/estadisticas-del-recurso-humano-del-organismo-ejecutivo/,https://www.onsec.gob.gt/w/index.php/estadisticas-del-recurso-humano-del-organismo-ejecutivo/
https://www.onsec.gob.gt/w1/index.php/siarh-2/,https://www.onsec.gob.gt/w1/index.php/siarh-2/
https://www.panamacompra.gob.pa/Inicio/#/ https://www.panamacompraencifras.gob.pa/#/ https://www.panamaenobras.gob.pa/#/,https://www.panamacompra.gob.pa/Inicio/#/ https://www.panamacompraencifras.gob.pa/#/ https://www.panamaenobras.gob.pa/#/
https://www.salud.gob.hn/sshome/,https://www.salud.gob.hn/sshome/
https://www.sefin.gob.hn/ https://www.sefin.gob.hn/presupuesto-aprobado-2024/,https://www.sefin.gob.hn/ https://www.sefin.gob.hn/presupuesto-aprobado-2024/
https://www.sefin.gob.hn/ejecucion-y-seguimiento/,https://www.sefin.gob.hn/ejecucion-y-seguimiento/
https://www.sefin.gob.hn/presupuesto-aprobado-2024/ https://www.sefin.gob.hn/ejecucion-y-seguimiento/ https://www.sefin.gob.hn/inteligencia-de-negocios-bisefin/ https://www.sefin.gob.hn/informes/ https://www.sefin.gob.hn/estados-financieros/,https://www.sefin.gob.hn/presupuesto-aprobado-2024/ https://www.sefin.gob.hn/ejecucion-y-seguimiento/ https://www.sefin.gob.hn/inteligencia-de-negocios-bisefin/ https://www.sefin.gob.hn/informes/ https://www.sefin.gob.hn/estados-financieros/
https://www.sicoes.gob.bo/  https://www.sicoes.gob.bo/portal/normativa/decretos.php --> Manual de Operaciones del SICOES,https://www.sicoes.gob.bo/  https://www.sicoes.gob.bo/portal/normativa/decretos.php --> Manual de Operaciones del SICOES
https://www.sii.cl/destacados/catalogo_esquemas/ https://www.sii.cl/destacados/PGCT2024.pdf https://www.sii.cl/cuenta_publica/CP2023.pdf,https://www.sii.cl/destacados/catalogo_esquemas/ https://www.sii.cl/destacados/PGCT2024.pdf https://www.sii.cl/cuenta_publica/CP2023.pdf
https://www.sii.cl/sobre_el_sii/gestion_y_estadisticas.html https://www.sii.cl/destacados/ogp/index.html,https://www.sii.cl/sobre_el_sii/gestion_y_estadisticas.html https://www.sii.cl/destacados/ogp/index.html
sace.se.gob.hn https://sace.se.gob.hn/reportes/sace/matricula/,sace.se.gob.hn https://sace.se.gob.hn/reportes/sace/matricula/
www.dgsc.go.cr http://seguridadapp.dgsc.go.cr/inicio.aspx https://consultanormativa.dgsc.go.cr/ https://campus.dgsc.go.cr/ https://piep.dgsc.go.cr/ www.dgsc.go.cr/CIDSECI,www.dgsc.go.cr http://seguridadapp.dgsc.go.cr/inicio.aspx https://consultanormativa.dgsc.go.cr/ https://campus.dgsc.go.cr/ https://piep.dgsc.go.cr/ www.dgsc.go.cr/CIDSECI
www.hacienda.go.cr https://www.sicop.go.cr/index.jsp,www.hacienda.go.cr https://www.sicop.go.cr/index.jsp
www.panamacompra.gob.pa,www.panamacompra.gob.pa
www.sii.cl,www.sii.cl
www.sii.cl https://www.sii.cl/destacados/,www.sii.cl https://www.sii.cl/destacados/
"(La entidad que completó el cuestionario marcó en el doc en word como respuesta 2 opciones:   Unidad/equipo centralizada/o (p. ej., una única unidad de análisis de datos a nivel federal apoyando a todas las entidades federales) Unidad/equipo descentralizada/o (p.ej., unidades de análisis de datos a nivel de entidad apoyando exclusivamente a dicha entidad federal)","(The entity that completed the questionnaire marked 2 answer options in the Word document: Centralized unit/team (e.g., a single data analytics unit at the federal level supporting all federal entities) Decentralized unit/team (e.g., entity-level data analytics units supporting exclusively that federal entity)"
* https://srienlinea.sri.gob.ec/sri-en-linea/inicio/NAT  (página web donde indica los servicios en línea ofrecidos a la ciudadanía) * Sistema de Gestión Documental Quipux,* https://srienlinea.sri.gob.ec/sri-en-linea/inicio/NAT (web page showing the online services offered to citizens) * Quipux Document Management System
", corresponde informar que se cuenta con un relevamiento de todos los Edificios Educativos de la Administración Nacional de Educación Pública.",", it should be noted that a survey/inventory has been carried out of all Educational Buildings of the National Administration of Public Education."
1) Página web institucional de la DGSC 2) Remisión de informes con resultados 3) Investigaciones realizadas sobre la gestión de recursos humanos 4) El Observatorio investigación que realizar el Área de Desarrollo Estratégico de la ADE sobre el acontecer en temas de gestión de recursos humanos 5) El Sistema del Centro de Información Documental (CIDSECI) se encuentra en nuestra página web y permite tener acceso a los diversos estudios realizados por parte de esta Dirección General en materia de recursos humanos. 6) Plataforma Integrada de Empleo Público,1) DGSC institutional website 2) Submission of results reports 3) Research conducted on human resource management 4) The research Observatory run by the ADE's Strategic Development Area on human resource management topics 5) The Documentation Information Center System (CIDSECI) is available on our website and provides access to the various studies carried out by this Directorate General on human resources matters. 6) Integrated Public Employment Platform
"1- Se tiene un sistema complementario, el SGH2.0 donde se lleva registro de presentismo y licencias de todos los funcionarios. Se obtiene regularmente información de este sistema para análisis.  2- Se cuenta con otro sistema (RVE, Registro de vínculos con el estado) que almacena información sobre Sumarios y otras inhabilitaciones con documentación asociada.  3- Para transparencia se tienen 2 sitios que publican información de vínculos con el estado:  3.1- Quienes trabajan en el estado Uruguayo: https://rve.onsc.gub.uy/BuscadorPersona/servlet/com.buscadorpersona.wpbuscarpersonas  3.2- Visualizador de Datos (indicadores de vínculos y demográficos)  - https://aplicaciones.onsc.gub.uy/pentaho/api/repos/public:ONSC:demografico.wcdf/generatedContent - https://aplicaciones.onsc.gub.uy/pentaho/api/repos/:public:ONSC:vinculos.wcdf/generatedContent  Los procesos de selección y su avance se publican en el sitio https://www.uruguayconcursa.gub.uy/","1- There is a complementary system, SGH2.0, which keeps a record of attendance and leave for all employees. Information from this system is regularly obtained for analysis.  2- There is another system (RVE, Registry of Ties with the State) that stores information on disciplinary proceedings and other disqualifications, with associated documentation.  3- For transparency, there are 2 sites that publish information on ties with the state:  3.1- Who works for the Uruguayan state: https://rve.onsc.gub.uy/BuscadorPersona/servlet/com.buscadorpersona.wpbuscarpersonas  3.2- Data Viewer (demographic and employment-tie indicators) - https://aplicaciones.onsc.gub.uy/pentaho/api/repos/public:ONSC:demografico.wcdf/generatedContent - https://aplicaciones.onsc.gub.uy/pentaho/api/repos/:public:ONSC:vinculos.wcdf/generatedContent  Selection processes and their progress are published at https://www.uruguayconcursa.gub.uy/"
A Secretaria Especial da Receita Federal do Brasil publica alguns dados agregados em https://dados.gov.br/home,The Special Secretariat of the Federal Revenue of Brazil publishes some aggregated data at https://dados.gov.br/home
A continuación se tiene uno de los ejemplos que se tienen para el análisis descriptivo mediante los informes de segmentación de contribuyentes: https://www.dian.gov.co/atencionciudadano/promesaservicio/Documents/Guia-Metodologica-Segmentacion-de-Contribuyentes-2019.pdf,Below is one of the examples available for descriptive analysis through taxpayer segmentation reports: https://www.dian.gov.co/atencionciudadano/promesaservicio/Documents/Guia-Metodologica-Segmentacion-de-Contribuyentes-2019.pdf
"A nivel de la DTIC se han definido procedimientos y políticas, relacionados con la seguridad de la información y permisos de acceso a las aplicaciones, lo cual aplica también para las aplicaciones de analítica dispuestas actualmente. Así mismo, a nivel del Ministerio de Hacienda se encuentra la política de Seguridad de la Información, la cual establecer las disposiciones sobre la protección de los activos de información, los procesos, las tecnologías de la información incluido el hardware y el software, que soportan los procesos de la Entidad y apoyan la implementación del Sistema de Gestión de Seguridad de la Información.","At the DTIC (Directorate of Information and Communication Technologies) level, procedures and policies have been defined related to information security and access permissions to applications, which also apply to the analytics applications currently in place. Likewise, the Ministry of Finance has an Information Security Policy, which establishes provisions on the protection of information assets, processes, and information technologies -- including hardware and software -- that support the Entity's processes and the implementation of the Information Security Management System."
"A nivel de la Dirección de Tecnologías de Información y Comunicación se han definido procedimientos y políticas, relacionados con la seguridad de la información y permisos de acceso a las aplicaciones, lo cual aplica también para las aplicaciones de analítica dispuestas actualmente. Así mismo, a nivel del Ministerio de Hacienda se encuentra la política de Seguridad de la Información, la cual establecer las disposiciones sobre la protección de los activos de información, los procesos, las tecnologías de la información incluido el hardware y el software, que soportan los procesos de la Entidad y apoyan la implementación del Sistema de Gestión de Seguridad de la Información.  MH-DTIC-PRO02-PCD-001 Ingreso Movim o Finaliz Relac Laborales MH.  MH-DTIC-PRO02-PCD-005 Procedimiento Gestión Accesos Sist de Inf Política Corporativa de Seguridad de la Información","At the level of the Directorate of Information and Communication Technologies, procedures and policies have been defined related to information security and access permissions to applications, which also apply to the analytics applications currently in place. Likewise, the Ministry of Finance has an Information Security Policy, which establishes provisions on the protection of information assets, processes, and information technologies -- including hardware and software -- that support the Entity's processes and the implementation of the Information Security Management System.  MH-DTIC-PRO02-PCD-001 Entry, Movement or Termination of MH Labor Relations.  MH-DTIC-PRO02-PCD-005 Information Systems Access Management Procedure, Corporate Information Security Policy"
A nivel nacional existe la ley LIBRE ACCESO CIUDADANO A LA INFORMACIÓN PÚBLICA Y TRANSPARENCIA GUBERNAMENTAL.,At the national level there is the FREE CITIZEN ACCESS TO PUBLIC INFORMATION AND GOVERNMENT TRANSPARENCY law.
"A parte de las respondidas en q27, existen otros convenios de intercambio y  entrega de información entre ellas, Banco Central de Chile, Municipios, Dirección del Trabajo, Contraloría General de la república, Poder Judicial de Chile.","Beyond those answered in q27, there are other information-exchange and data-sharing agreements with, among others, the Central Bank of Chile, Municipalities, the Labor Directorate, the Office of the Comptroller General of the Republic, and the Judiciary of Chile."
A request for specific information is sent to IhRIS to provide information.  Information from IhRIS is received via an email.,A request for specific information is sent to IhRIS to provide information.  Information from IhRIS is received via an email.
A través de la Dirección General de Planificación; Viceministerios o Despacho del Ministro(a).,Through the General Directorate of Planning; Vice-Ministries or the Minister's Office.
A través de los Convenios.,Through agreements.
A través del BID,Through the IDB
"A través del Manual de Operaciones del SICOES se establece el tipo de información a ser publicada, misma que almacena la información en los diferentes formularios.  https://www.sicoes.gob.bo/portal/normativa/decretos.php --> Manual de operaciones del SICOES","The SICOES Operations Manual establishes the type of information to be published, which stores the information in the different forms.  https://www.sicoes.gob.bo/portal/normativa/decretos.php --> SICOES Operations Manual"
"A través del Manual de Operaciones del SICOES se establece el tipo de información a ser publicada, que es de acceso gratuito y en línea.  https://www.sicoes.gob.bo/portal/normativa/decretos.php --> Manual de operaciones del SICOES","The SICOES Operations Manual establishes the type of information to be published, which is freely accessible online.  https://www.sicoes.gob.bo/portal/normativa/decretos.php --> SICOES Operations Manual"
"A) PROYECTO - AMPLIACION DE SERVIDORES DATAWARE E IMPLEMENTACIÓN DE BIG DATA ANTECEDENTES Y TECNOLOGIAS Este proyecto fue materializado a través de un llamado a Licitación Pública Nacional, a finales del año 2019, para la implementación del proyecto se contó con las siguientes tecnologías: • Exadata: servidor de ingeniería de Oracle que proporciona recursos de alto rendimiento para el almacenamiento y procesamiento de gran volumen de datos, para el efecto se instaló un nuevo Data Warehouse, este responde a las exigencias actuales y futuras ya que es un Hardware construido para gestionar base de datos Oracle, es decir, está enfocado en específico para dicha tarea. • Big Data Appliance: servidor de ingeniería de Oracle enfocado al procesamiento de grandes volúmenes de datos, a diferencia del Exadata, es capaz de procesar tanto datos estructurados como no estructurados. • Modelos Analíticos: para los distintos casos de uso se aplicó algoritmos de detección que a partir de los datos de la SET son capaces de predecir comportamientos en base a los indicadores. • Machine Learning: algoritmo que según la fuente de datos permite detectar contribuyentes con comportamiento similar para clasificarlos y permitir un estudio de los mismos. • Aplicación Web: aplicación que permite calcular el riesgo de un contribuyente a partir de los indicadores seleccionados por el usuario. • Redes Sociales: constituyen fuentes Facebook y Twitter sobre los cuales se aplica un modelo de sentimiento sobre los comentarios. • Oracle Analytics Server: herramienta que permite la creación sencilla y rápida de análisis a partir los resultados de los casos de uso. Fase 1 La fase 1 consistió en migrar el data warehouse existente a un servidor de ingeniería Oracle optimizado para el manejo de gran volumen de datos que es el Exadata y la migración del Oracle Business Intelligence a la nueva versión denominada Oracle Analytics Server instalado en uno de los nodos del Big Data Appliance. Fase 2 Implementación de","A) PROJECT - EXPANSION OF DATAWARE SERVERS AND BIG DATA IMPLEMENTATION, BACKGROUND AND TECHNOLOGIES. This project was carried out through a National Public Tender at the end of 2019; the following technologies were used to implement it: * Exadata: an Oracle engineered server that provides high-performance resources for storing and processing large volumes of data; for this purpose a new Data Warehouse was installed, meeting current and future requirements, as it is hardware built specifically to manage Oracle databases. * Big Data Appliance: an Oracle engineered server focused on processing large volumes of data; unlike Exadata, it can process both structured and unstructured data. * Analytical Models: detection algorithms were applied for the different use cases, capable of predicting behavior from SET data based on indicators. * Machine Learning: an algorithm that, depending on the data source, detects taxpayers with similar behavior in order to classify them and enable further study. * Web Application: an application that calculates a taxpayer's risk based on indicators selected by the user. * Social Networks: Facebook and Twitter are used as sources on which a sentiment model is applied to comments. * Oracle Analytics Server: a tool that allows quick and easy creation of analyses based on the results of the use cases. Phase 1: consisted of migrating the existing data warehouse to an Oracle engineered server optimized for handling large volumes of data (Exadata) and migrating Oracle Business Intelligence to the new version called Oracle Analytics Server, installed on one of the Big Data Appliance nodes. Phase 2: Implementation of"
Access granted on request and verification,Access granted on request and verification
"Access is provided based on the work assignment and level of authority of an employee, restricted to those working in HR and management levels. A form request is submitted to the central Information System Unit which regulates access to the system.","Access is provided based on the work assignment and level of authority of an employee, restricted to those working in HR and management levels. A form request is submitted to the central Information System Unit which regulates access to the system."
Actualmente contamos con la asistencia del Banco Interamericano de Desarrollo (BID) para el desarrollo de plataformas de transparencia de información y analítica de datos.,We currently have the support of the Inter-American Development Bank (IDB) for the development of information-transparency and data-analytics platforms.
Actualmente estamos en proceso de evaluación de los mecanismos para medir la frecuencia de acceso a los datos por parte de entidades gubernamentales.,We are currently in the process of evaluating mechanisms to measure how often government entities access the data.
"Actualmente la DGSC (Direccion General de Servicio Civil) cuenta con: 1) El Sistema para la Gestión de Recursos Humanos (SAGETH) en el cual se mantiene el registro de elegibles por parte del Área de Reclutamiento y Selección de Personal de esta DG, que permite a las instituciones amparados al Régimen de Servicio Civil (RSC), gestionar los puestos vacantes para su ocupación y el respectivo registro, entre otras acciones. 2) Sistema Normativo que se encuentra alojado en la página web institucional: www.dgsc.go.cr, en el cual se encuentra la normativa vigente que rige la gestión de recursos humanos, esta herramienta permite a los jefes de recursos humanos, consultar la norma vigente de divesos temas. 3) Por medio de Hacienda Digital se digitalizó los expedientes personales y de reconocimiento del incentivo carrera profesional de las personas servidoras de la DGSC, se está a la espera de la capacitación y acceso del sistema de parte de la empresa contratada por el Ministerio de Hacienda. 4) En la página de la DGSC, se mantiene un campus virtual administrado por el Centro de Capacitación y Desarrollo (CECADES), el cual permite que el personal del Régimen de Servicio Civil se capacite en diversos temas. 5) La Plataforma de Empleo Público, que permite la gestión del empleo público, además de un registro centralizado de información estadística cualitativa y cuantitativa, de conformidad con los términos y alcances del artículo 12 de la Ley Marco de Empleo Público. 6) El Sistema del Centro de Información Documental (CIDSECI), aloja información relacionada con criterios, resoluciones, estudios, entre otros, elaborados por personal de la DGSC, a lo largo de los años, este sistema puede ser consultado en nuestro sitio web. 7) Se maneja un porcentaje importante de documentos firmados digitalmente a nivel institucional, lo que agiliza la atención de consultas para la gestión de recursos humanos, así como la facilidad de consulta y almacenamiento de la información. Cabe indicar que en el RSC se ut","The DGSC (General Directorate of Civil Service) currently has: 1) The Human Resource Management System (SAGETH), which keeps the registry of eligible candidates managed by this DG's Recruitment and Selection Area, allowing institutions covered by the Civil Service Regime (RSC) to manage vacant positions and the corresponding registration, among other actions. 2) A Regulatory System hosted on the institutional website www.dgsc.go.cr, containing the regulations currently governing human resource management; this tool lets HR heads consult current rules on various topics. 3) Through Hacienda Digital, personnel files and records of the professional-career incentive for DGSC civil servants have been digitized; training and system access from the company contracted by the Ministry of Finance are still pending. 4) The DGSC website hosts a virtual campus run by the Training and Development Center (CECADES), which lets Civil Service Regime staff train on various topics. 5) The Public Employment Platform, which enables public-employment management as well as a centralized registry of qualitative and quantitative statistical information, in accordance with Article 12 of the Framework Law on Public Employment. 6) The Documentation Information Center System (CIDSECI), which hosts information related to criteria, rulings, and studies produced by DGSC staff over the years; this system can be consulted on our website. 7) A significant share of documents are digitally signed at the institutional level, which speeds up handling of HR management inquiries and makes it easier to consult and store information. It should be noted that within the RSC it is us..."
Actualmente la generación de análisis de datos radican solamente de las unidades especializadas del Organismo Ejecutivo.,"Currently, the generation of data analysis rests solely with the specialized units of the Executive Branch."
"Actualmente se cuenta con el portal de datos abiertos, donde se presenta información de registros administrativos de diferentes instituciones del sector público. El Ministerio del Trabajo cuenta con el siguiente portal web: https://sut.trabajo.gob.ec/mrl/contenido/indicadores.xhtml",There is currently an open data portal presenting information on administrative records from different public-sector institutions. The Ministry of Labor has the following web portal: https://sut.trabajo.gob.ec/mrl/contenido/indicadores.xhtml
"Actualmente se desarrollan diversos Proyectos; los cuales establecen Convenios; Académicos, Organizaciones Multilaterales para los Análisis de Datos.  Proyecto de Apoyo a la Transformación Digital de la Administración Tributaria (PATDAT-BID)","Various Projects are currently underway, establishing Academic Agreements and agreements with Multilateral Organizations for Data Analysis. Support Project for the Digital Transformation of Tax Administration (PATDAT-BID)"
Actualmente tiene fortalezas en el tema presupuestal pero hace falta la inclusión de otros procesos de Finanzas Publicas,"It currently has strengths on the budget side, but other Public Finance processes still need to be incorporated."
"Ad hoc initiatives have been led such as the Data 101 course mentioned. However, there is no established capacity building plan to develop skills specifically on data analytics.","Ad hoc initiatives have been led such as the Data 101 course mentioned. However, there is no established capacity building plan to develop skills specifically on data analytics."
"Además de los cursos y eventos como dentro del Maraton de datos (https://www.gub.uy/maraton-datos), como mas importantes el Festival de datos 2023 (https://www.gub.uy/comunicacion/calendario-actividades/festival-de-datos) y el ABRELATAM/CONDATOS (https://www.gub.uy/agencia-gobierno-electronico-sociedad-informacion-conocimiento/politicas-y-gestion/abrelatam-condatos), también se está trabajando en la Estrategia Nacional de Datos (https://www.gub.uy/agencia-gobierno-electronico-sociedad-informacion-conocimiento/comunicacion/publicaciones/revision-estrategia-nacional-inteligencia-artificial-elaboracion). También están los eventos de Semana de la Inteligencia Artificial de Ceibal (https://ceibal.edu.uy/institucional/articulos/semana-de-la-inteligencia-artificial-2023-del-23-al-27-de-octubre/).   Se ha implementado el SQUAD de datos, equipo multidisciplinario en ciencia de datos compuesto por diferentes proveedores de los cuales se hace uso para consultorias en investigaciones y desarrollo, de acuerdo a las necesidades de los organismos del estado.","In addition to courses and events such as the Data Marathon (https://www.gub.uy/maraton-datos), most notably the 2023 Data Festival (https://www.gub.uy/comunicacion/calendario-actividades/festival-de-datos) and ABRELATAM/CONDATOS (https://www.gub.uy/agencia-gobierno-electronico-sociedad-informacion-conocimiento/politicas-y-gestion/abrelatam-condatos), work is also underway on the National Data Strategy (https://www.gub.uy/agencia-gobierno-electronico-sociedad-informacion-conocimiento/comunicacion/publicaciones/revision-estrategia-nacional-inteligencia-artificial-elaboracion). There are also events such as Ceibal's Artificial Intelligence Week (https://ceibal.edu.uy/institucional/articulos/semana-de-la-inteligencia-artificial-2023-del-23-al-27-de-octubre/). A data SQUAD has been set up -- a multidisciplinary data-science team made up of different providers -- used for consulting on research and development according to the needs of government agencies."
Agencia de Contrataciones Públicas entendida como la Dirección de Contratación Pública Agencia de Auditoría entendida como la Contraloría General de la República y la Auditoría Interna. Unidad de Contrataciones entendidas como las proveedurías entidades contratantes,Public Procurement Agency understood as the Public Procurement Directorate. Audit Agency understood as the Office of the Comptroller General of the Republic and Internal Audit. Procurement Unit understood as the purchasing offices of the contracting entities.
"Agregar devoluciones, fraccionamiento, comercio exterior, insumos químicos","Add refunds, installment payments, foreign trade, chemical inputs"
"All vaccines are recorded in the Belize Health Information system. The Belize Health Information System(BHIS) lacks an integrated analytical component, although it captures data elements. As stated in answers","All vaccines are recorded in the Belize Health Information system. The Belize Health Information System (BHIS) lacks an integrated analytical component, although it captures data elements. As stated in answers"
"Although the Government of Jamaica recognizes the significance of data analytics, there is presently no specific career(s) in Government that was designed as such.","Although the Government of Jamaica recognizes the significance of data analytics, there is presently no specific career(s) in Government that was designed as such."
"Anualmente el Ministerio de Educación del Ecuador realiza el inventario estadístico, donde se registra las fuentes de información de cada proceso.","Every year the Ministry of Education of Ecuador carries out a statistical inventory, recording the information sources for each process."
At present these are no specific assessments geared specifically towards analytical skills of public servants.,At present there are no specific assessments geared specifically towards analytical skills of public servants.
At this time the SCD does not have a dedicated officer or Team responsible for producing products.  Requests for specific information are submitted to the Project IhRIS Unit to generate the required information.,At this time the SCD does not have a dedicated officer or Team responsible for producing products.  Requests for specific information are submitted to the Project IhRIS Unit to generate the required information.
"Aunque no existe un un inventario, se cuenta con la información si es requerida por alguna entidad.","Although there is no inventory, the information is available if requested by an entity."
"Aunque no existe una métrica estandarizada, se cuenta con la información si es requerida por alguna entidad.","Although there is no standardized metric, the information is available if requested by an entity."
Budget allocation and expenditure is also tracked utilizing the HMIS.,Budget allocation and expenditure is also tracked utilizing the HMIS.
"Cada módulo cuenta con una clave de acceso o contraseña que permite a los usuarios acceder a los aplicativos para confirmar la identidad del usuario y registrar los movimientos que realizan en la herramienta. Adjunto captura de pantalla del inicio de cada módulo, según en respuesta que antecede.","Each module has an access key or password that lets users log into the applications, confirm the user's identity, and record the actions they carry out in the tool. Attached is a screenshot of the login screen for each module, as referenced in the previous answer."
Campaña de vacunación:  https://informesdeis.minsal.cl/SASVisualAnalytics/?reportUri=%2Freports%2Freports%2Fd4462173-45d4-446d-8ec8-e32f1d60046f&sectionIndex=1&sso_guest=true&reportViewOnly=true&reportContextBar=false&sas-welcome=false Egresos hospitalarios:  https://informesdeis.minsal.cl/SASVisualAnalytics/?reportUri=%2Freports%2Freports%2F23138671-c0be-479a-8e9d-52850e584251&sectionIndex=0&sso_guest=true&reportViewOnly=true&reportContextBar=false&sas-welcome=false Estadísticas de mortalidad:  https://informesdeis.minsal.cl/SASVisualAnalytics/?reportUri=%2Freports%2Freports%2F4013de47-a3c2-47b8-8547-075525e4f819&sectionIndex=0&sso_guest=true&reportViewOnly=true&reportContextBar=false&sas-welcome=false Cuenta pública:  https://www.minsal.cl/wp-content/uploads/2023/06/Presentacion-Cuenta-Publica-Minsal-2022.pdf Evaluación de políticas: https://repositoriodeis.minsal.cl/ContenidoSitioWeb2020/EstandaresNormativa/impactos-del-covid-19-en-la-mortalidad-de-chile-durante-2020.pdf Diseño de políticas: Impacto Nirsevimab - ISCI - 28-12-23.pdf,Vaccination campaign: https://informesdeis.minsal.cl/SASVisualAnalytics/?reportUri=%2Freports%2Freports%2Fd4462173-45d4-446d-8ec8-e32f1d60046f&sectionIndex=1&sso_guest=true&reportViewOnly=true&reportContextBar=false&sas-welcome=false Hospital discharges: https://informesdeis.minsal.cl/SASVisualAnalytics/?reportUri=%2Freports%2Freports%2F23138671-c0be-479a-8e9d-52850e584251&sectionIndex=0&sso_guest=true&reportViewOnly=true&reportContextBar=false&sas-welcome=false Mortality statistics: https://informesdeis.minsal.cl/SASVisualAnalytics/?reportUri=%2Freports%2Freports%2F4013de47-a3c2-47b8-8547-075525e4f819&sectionIndex=0&sso_guest=true&reportViewOnly=true&reportContextBar=false&sas-welcome=false Public account: https://www.minsal.cl/wp-content/uploads/2023/06/Presentacion-Cuenta-Publica-Minsal-2022.pdf Policy evaluation: https://repositoriodeis.minsal.cl/ContenidoSitioWeb2020/EstandaresNormativa/impactos-del-covid-19-en-la-mortalidad-de-chile-durante-2020.pdf Policy design: Nirsevimab Impact - ISCI - 28-12-23.pdf
Catalogo de datos – Fichas técnicas.,Data catalog -- Technical data sheets.
"Chilecompra participa de las iniciativas y planes de Gobierno Abierto  https://www.ogp.gob.cl/ El sitio de datos abiertos (datos-abiertos.chilecompra.cl ) se ha construido participativamente, y con la ayuda de Gobierno abierto. Dicha ayuda incluye elementos de difusión. El sitio de datos abiertos (datos-abiertos.chilecompra.cl ) forma parte del 6° plan de gobierno abierto, el que define compromisos que pueden ser revisados en el siguiente enlace: https://www.ogp.gob.cl/wp-content/uploads/2024/01/6to-Plan-de-Accion-de-Estado-Abierto-2023-2027-2.pdf.","Chilecompra takes part in Open Government initiatives and plans https://www.ogp.gob.cl/ The open data site (datos-abiertos.chilecompra.cl) was built participatively, with support from Open Government. That support includes outreach/communication elements. The open data site (datos-abiertos.chilecompra.cl) is part of the 6th Open Government Action Plan, whose commitments can be reviewed at the following link: https://www.ogp.gob.cl/wp-content/uploads/2024/01/6to-Plan-de-Accion-de-Estado-Abierto-2023-2027-2.pdf."
"Como se explicó, a nivel de Gobierno, no existe la posibilidad de acceder a lo que a nuestro entender es el SIG de Impuestos. No hay una capa para usuarios que no pertenezcan a la organización.","As explained, at the government level there is no way to access what we understand to be the Tax MIS. There is no layer for users outside the organization."
"Comunicación interna institucional, página web institucional Plataforma contratación pública en cifras:  https://portal.compraspublicas.gob.ec/sercop/publicaciones/ Canales externos: Faccebook, instagram, twiter (x)","Internal institutional communication, institutional website. Public procurement figures platform: https://portal.compraspublicas.gob.ec/sercop/publicaciones/ External channels: Facebook, Instagram, Twitter (X)"
"Con base a lo normado en el Decreto número 101-97 del Congreso de la República de Guatemala, Ley Orgánica del Presupuesto, en el Artículo 42 Bis indica que, todas las entidades del Sector Público que ejecuten fondos públicos, están obligados a usar los Sistemas Integrados de Administración Financiera vigentes.  https://www.minfin.gob.gt/images/downloads/leyes_presupuesto/leyes_reglamentos/decreto101-97.pdf","Based on Decree No. 101-97 of the Congress of the Republic of Guatemala, the Organic Budget Law, Article 42 Bis states that all public-sector entities executing public funds are required to use the current Integrated Financial Administration Systems.  https://www.minfin.gob.gt/images/downloads/leyes_presupuesto/leyes_reglamentos/decreto101-97.pdf"
"Consideramos que esses itens fazem parte da sustentação da solução, realizada pelo SERPRO - Serviço Federal de Processamento de Dados.","We consider that these items are part of the solution's support, provided by SERPRO -- the Federal Data Processing Service."
Contador de descargas en la herramienta digital Datos Abiertos del Ministerio de Educación del Ecuador <https://educacion.gob.ec/datos-abiertos/>,Download counter in the Open Data digital tool of the Ministry of Education of Ecuador <https://educacion.gob.ec/datos-abiertos/>
Contamos con sistemas de diagnóstico que informan a las Instituciones compradoras y los verificadores de procesos de la Dirección Nacional de Contrataciones Publicas sobre posibles problemas a presentarse conforme los datos proveídos.,We have diagnostic systems that inform purchasing institutions and process reviewers at the National Directorate of Public Procurement about potential issues based on the data provided.
"Contrataciones Abiertas (ONCAE) Sistema de Gestión por Resultados Noticias del periódico Datos Abiertos de consumo para análisis de Organismos Internacionales y Sociedad Civil Organizada https://www.contratacionesabiertas.gob.hn/ https://fosdeh.com/publicacion/reflexiones-preliminares-del-presupuesto-general-de-la-republica-2024/ https://www.elheraldo.hn/economia/presupuesto-2024-subira-a-411746-millones-de-lempiras-IJ14487843#:~:text=Fuentes%20cercanas%20al%20Poder%20Ejecutivo,central%20y%20las%20instituciones%20descentralizadas.","Open Contracting (ONCAE) Results-Based Management System Newspaper news Open Data used for analysis by International Organizations and Organized Civil Society https://www.contratacionesabiertas.gob.hn/ https://fosdeh.com/publicacion/reflexiones-preliminares-del-presupuesto-general-de-la-republica-2024/ https://www.elheraldo.hn/economia/presupuesto-2024-subira-a-411746-millones-de-lempiras-IJ14487843#:~:text=Fuentes%20cercanas%20al%20Poder%20Ejecutivo,central%20y%20las%20instituciones%20descentralizadas."
Convenios con la Universidad. Intercambio con OCP Cooperación con BID,Agreements with the University. Exchange with OCP. Cooperation with the IDB
"Dado que en Chile la gestión de personas en el sector público es descentralizada, no existe un único SIG. Se sugiere identificar la/s plataforma/s vinculadas a gestión de personas por parte del Servicio Civil (Portal Empleos Públicos, Portal ADP, Portal ADP Educación, SISPUBLI, Plataforma reportabilidad) o externas (SIAPER de CGR, Estadísticas RRHH de DIPRES). A modo de consideración, sólo estamos visibilizando plataformas y/o sistemas vinculados a la Administración Central del Estado, excluyendo por ejemplo, al ámbito municipal. https://www.empleospublicos.cl/ https://adp.serviciocivil.cl/concursos- spl/opencms/portada.html https://www.directoresparachile.cl/pub/ convocatorias/convocatorias.aspx https://www.practicasparachile.cl/ https://www.sispubli.cl/ https://reportabilidadgp.serviciocivil.cl/ https://siaper.contraloria.cl/contenido/","Since human resource management in Chile's public sector is decentralized, there is no single MIS. It is suggested to identify the platform(s) related to people management run by the Civil Service (Public Employment Portal, ADP Portal, ADP Education Portal, SISPUBLI, Reporting Platform) or external ones (CGR's SIAPER, DIPRES HR Statistics). As a caveat, we are only showing platforms and/or systems linked to the Central State Administration, excluding, for example, the municipal sphere. https://www.empleospublicos.cl/ https://adp.serviciocivil.cl/concursos-spl/opencms/portada.html https://www.directoresparachile.cl/pub/convocatorias/convocatorias.aspx https://www.practicasparachile.cl/ https://www.sispubli.cl/ https://reportabilidadgp.serviciocivil.cl/ https://siaper.contraloria.cl/contenido/"
Data access is logged manually or electronically according to the system.,Data access is logged manually or electronically according to the system.
Data from NGO’s is utilized to demonstrate relevance.,Data from NGO's is utilized to demonstrate relevance.
"Data is reviewed on a regular basis but is labour intensive with the lack of appropriate tools hence, more can be done.","Data is reviewed on a regular basis but is labour intensive with the lack of appropriate tools hence, more can be done."
Data is used to inform payroll,Data is used to inform payroll
"De acuerdo con la definición de SIG de Recursos Humanos, brindada en el glosario adjunto a la presente encuesta, no contamos con tal sistema que realice varias funciones y que tenga una relación entre sí y gestione todas o varias de las áreas que conforman la gestión o administración del capital humano en la entidad. Sin embargo, la institución cuenta con módulos digitales que permiten el desarrollo de las tareas relacionado a la gestión del recurso humanos tales como: APWEB: por sus siglas es el módulo de Administración de Personal WEB, proyecto desarrollado por la Dirección de Presupuesto de la Nación del MEF, por requerimiento del más alto nivel de decisión, a fin de ordenar los temas relacionados al inicio (nombramiento) y terminación de la relación laboral del personal de la entidad (renuncia, destitución, desvinculación o fallecimiento.) y movilidades (como reasignaciones, reclasificación, renovaciones) SARHa: por sus siglas es Sistema de Administración de Recursos Humanos Estatal, es un modulo de la Dirección General de Carrera Administrativa que capta datos provenientes de las áreas de Registro y Control de Trámite de Acciones de Recursos Humanos y del área de Igualdad de Oportunidades. SIARH: (Sistema de Administración de Recursos Humanos) es un módulo cuyo rector es la Oficina Institucional de Recursos Humanos, a través del área de Registro y Control que captura datos y registra la información de los servidores públicos tales como datos personales, académicos y vida laboral en la entidad en la que consten todas las acciones de personal. EPD: (Estructura, Planilla y descuentos) es un módulo de la Contraloría General de la República, como encargada de fiscalizar y regular, mediante el control de todos los actos de manejo de fondos públicos. El programa brinda el acceso para consultar los movimientos de planilla de pago al jefe del departamento de planillas. Adjunto captura de pantalla de los módulos señalados en respuesta que antecede.","According to the definition of Human Resources MIS provided in the glossary attached to this survey, we do not have such a system that performs several functions, is interlinked, and manages all or several of the areas that make up human-capital management or administration in the entity. However, the institution has digital modules that support HR-management tasks, such as: APWEB: stands for the Web Personnel Administration module, a project developed by the MEF's National Budget Directorate at the request of top-level decision makers, in order to organize matters related to the start (appointment) and termination of employment (resignation, dismissal, separation, or death) and mobility (such as reassignments, reclassifications, renewals) of entity staff. SARHa: stands for the State Human Resources Administration System, a module of the Directorate General of Administrative Career that captures data from the Registration and Control of HR Actions area and the Equal Opportunity area. SIARH: (Human Resources Administration System) is a module overseen by the Institutional HR Office, through its Registration and Control area, which captures and records information on public servants such as personal, academic, and employment-history data, including all personnel actions. EPD: (Structure, Payroll, and Deductions) is a module of the Office of the Comptroller General of the Republic, which is responsible for overseeing and regulating the management of public funds. The program allows the head of the payroll department to consult payroll movements. Attached is a screenshot of the modules mentioned in the previous answer."
"Dentro de ONSC, el Área Laboratorio de Innovación y Observatorio de la Función Pública se encarga de realizar los análisis de datos del SIG de Recursos Humanos","Within ONSC, the Innovation Lab and Public Service Observatory Area is in charge of carrying out the data analysis for the Human Resources MIS"
"Dentro de la Dirección General de Ingresos se Impulsa la Unidad de Análisis de Datos, la cual tiene como objetivo llegar a los análisis predictivos, mediante el programa de transformación Digital de la entidad.","Within the General Directorate of Revenue, the Data Analysis Unit is being promoted, with the goal of reaching predictive analytics through the entity's Digital Transformation program."
Desde el año 2004 existe un Fondo Nacional de Investigación en Salud (FONIS) que financia investigación sobre medicina y salud pública. Como contraparte del Ministerio de Salud participa la División de Planificación Sanitaria. https://www.conicyt.cl/fonis/sobre-fonis/que-es-fonis/,Since 2004 there has been a National Health Research Fund (FONIS) that finances research on medicine and public health. The Ministry of Health's counterpart is the Health Planning Division. https://www.conicyt.cl/fonis/sobre-fonis/que-es-fonis/
"Desde gobierno electrónico tenemos dos técnicos recibiendo y realizando los reportes ad hoc para cada unidad ejecutora, las unidades ejecutoras también cuentan con sus equipos de análisis de datos. La DIGESA, DIGESINASA, DIGECOOR producen habitualmente informes técnicos para uso de las autoridades en base a las fuentes de información disponibles en MSP.","From e-government we have two technicians receiving and producing ad hoc reports for each executing unit; the executing units also have their own data-analysis teams. DIGESA, DIGESINASA, and DIGECOOR regularly produce technical reports for use by authorities, based on the information sources available at the MSP."
"Desde la Dirección de Impuestos y Aduanas Nacionales - DIAN, se cuenta con un Sistema de Información de Gestión (SIG), el cual está respaldado en diferentes Servicios Informáticos Electrónicos (SIE) desde los frentes tributario y aduanero, que soportan los procesos misionales de la Entidad de cara a la ciudadanía.","The National Directorate of Taxes and Customs (DIAN) has a Management Information System (MIS), which is supported by different Electronic IT Services (SIE) on both the tax and customs fronts, underpinning the Entity's core processes for citizens."
"Diccionario de datos de los datos abiertos de compras públicas: https://www.contrataciones.gov.py/datos/diccionario Publicación de los datos de Contrataciones Públicas en el formato estándar establecido y promovido por Open Contracting. https://standard.open-contracting.org/1.1/es/ Publicación de los datos de Contrataciones Públicas en el formato estándar establecido, también utiliza extensiones locales y comunitarias: https://gitlab.com/dncp-opendata/extensions_info",Data dictionary for public-procurement open data: https://www.contrataciones.gov.py/datos/diccionario Publication of Public Procurement data in the standard format established and promoted by Open Contracting: https://standard.open-contracting.org/1.1/es/ Publication of Public Procurement data in the established standard format also uses local and community extensions: https://gitlab.com/dncp-opendata/extensions_info
Diccionario de datos por cada sistema de información.,Data dictionary for each information system.
Directores de Centros Educativos Docentes de Centros Educativos  Gestor Comunitario,"Directors of Educational Centers, Teachers at Educational Centers, Community Manager"
DocDigital (https://doc.digital.gob.cl/):Plataforma definida para Comunicación Oficial de entidades de gobierno. Plataforma PISEE2: Para interoperabilidad de organismos públicos.( https://digital.gob.cl/plataformas-transversales/),DocDigital (https://doc.digital.gob.cl/): Platform defined for Official Communication among government entities. PISEE2 Platform: for interoperability among public agencies (https://digital.gob.cl/plataformas-transversales/)
ENDESA MICS 2019  Anuario estadistico,ENDESA MICS 2019 Statistical Yearbook
"Efectivamente, los siguientes eventos de Datos Abiertos tienen por objetivo promover e impulsar la alfabetización de datos e Inteligencia artificial entre los servidores públicos y ciudadanía en general. Reconocimiento Internacional en Datos Abiertos https://www.gob.pe/datosabiertos2024 https://www.gob.pe/datosabiertos2023 Explora la IA en Oncología https://www.gob.pe/institucion/pcm/campa%C3%B1as/43199-sesion-de-explora-la-ia-en-oncologia Open Data Day 2024: https://www.gob.pe/odd2024 Open Data Day 2023: https://www.gob.pe/opendataday","Indeed, the following Open Data events aim to promote and drive data and artificial-intelligence literacy among public servants and the general public. International Open Data Recognition https://www.gob.pe/datosabiertos2024 https://www.gob.pe/datosabiertos2023 Explore AI in Oncology https://www.gob.pe/institucion/pcm/campa%C3%B1as/43199-sesion-de-explora-la-ia-en-oncologia Open Data Day 2024: https://www.gob.pe/odd2024 Open Data Day 2023: https://www.gob.pe/opendataday"
"El Departamento de Gobierno de Datos de la Intendencia de Recaudación, a través de la definición del plan estratégico y operacional para convertir los datos que administra en un sistema integrado, incorpora soluciones tecnológicas para analizar las variaciones de la recaudación de los impuestos y propone modelos de datos para la inteligencia de negocio, brindando apoyo y asesoramiento transversal a las demás dependencias de la institución, y otras dependencias gubernamentales.","The Data Governance Department of the Revenue Office, through the definition of a strategic and operational plan to turn the data it manages into an integrated system, incorporates technological solutions to analyze variations in tax collection and proposes data models for business intelligence, providing cross-cutting support and advice to the institution's other units and to other government agencies."
"El Estudio de Indicadores de Gobierno Digital, entre otras dimensiones, mide la disponibilidad de perfiles profesionales para la transformación digital en el Estado. En esta medición se recoge información sobre profesionales de análisis de datos en los organismos de la administración. Ver página 26. https://cms-dgd-prod.s3-us-west-2.amazonaws.com/uploads/pdf/Informe_Final_Indicadores_de_Gobierno_Digital_2020.pdf?","The Digital Government Indicators Study, among other dimensions, measures the availability of professional profiles for digital transformation in the State. This measurement gathers information on data-analysis professionals in government agencies. See page 26. https://cms-dgd-prod.s3-us-west-2.amazonaws.com/uploads/pdf/Informe_Final_Indicadores_de_Gobierno_Digital_2020.pdf?"
"El Gobierno Central sí se encuentra dentro del Sistema Integrado de Gestión de Administración Financiera - SIGAF, las Municipalidades y Órganos desconcentrados tienen su propio sistema, para la obtención de la información de cada entidad se encarga de enviar mes a mes la información al Ministerio de Hacienda por medio del módulo Gestor. Actualmente el Ministerio de Hacienda está con el proceso de implementación de Hacienda Digital, el cual esperamos una aplicación de la información de manera analítica diagnóstica, de preventiva.  Datos en tiempo real con facilidades de análisis.","The Central Government is indeed within the Integrated Financial Management System (SIGAF); Municipalities and decentralized agencies have their own system, and to obtain each entity's information they must send it to the Ministry of Finance every month through the Manager module. The Ministry of Finance is currently implementing Hacienda Digital, from which we expect diagnostic and preventive analytical use of the information -- real-time data with analysis capabilities."
"El MSP proporciona informes a demanda, y los mismos son enviados por mail o a través de servicios de nube","The MSP provides reports on demand, sent by email or through cloud services"
El MSP se encuentra en proceso de implementación de estándares sintácticos y semánticos para el control de calidad de los datos.,The MSP is in the process of implementing syntactic and semantic standards for data quality control.
"El Miinsterio del Trabajo administra el Sistema Nacional de Información denominado Sistema Informático Integrado del Talento Humano (SIITH), compuesto de varios módulos para la gestión de los susbsistemas de TH; sin embargo, algunos de estos módulos a la fecha, aún no se encuentran implementados en el SIITH, por lo que no se encuentra totalmente automatizado ni digitalizado; sin embargo, para dar cumplimiento a la normativa técnica establecida, se lo efectúa a través de herramientas externas como Excel, Visio, etc.","The Ministry of Labor administers the National Information System called the Integrated Human Talent Information System (SIITH), made up of several modules for managing HR subsystems; however, some of these modules are not yet implemented in SIITH to date, so it is not fully automated or digitized; nevertheless, to comply with established technical regulations, this is handled using external tools such as Excel, Visio, etc."
El Ministerio de Salud Pública realiza publicaciones de información de salud para la toma de decisiones. https://app.powerbi.com/view?r=eyJrIjoiYTkzNTFkMmUtZmUzNi00NDcwLTg0MDEtNjFkNzhhZTg5ZWYyIiwidCI6IjcwNjIyMGRiLTliMjktNGU5MS1hODI1LTI1NmIwNmQyNjlmMyJ9&pageName=ReportSection https://app.powerbi.com/view?r=eyJrIjoiZmJkYTc1ZTktMjJmNi00MTJmLWI4NzUtYjMwMTYyOWE4OWY5IiwidCI6IjcwNjIyMGRiLTliMjktNGU5MS1hODI1LTI1NmIwNmQyNjlmMyJ9&pageName=ReportSectiona8c1ab58eb02b9300345 https://app.powerbi.com/view?r=eyJrIjoiNGQ1MjY4MWUtMjdlNC00Y2RhLTlmNGMtZmFjN2I4OTEyOGYzIiwidCI6IjcwNjIyMGRiLTliMjktNGU5MS1hODI1LTI1NmIwNmQyNjlmMyJ9&pageName=ReportSectionfa9aefa7805f261b2222,The Ministry of Public Health publishes health information for decision-making. https://app.powerbi.com/view?r=eyJrIjoiYTkzNTFkMmUtZmUzNi00NDcwLTg0MDEtNjFkNzhhZTg5ZWYyIiwidCI6IjcwNjIyMGRiLTliMjktNGU5MS1hODI1LTI1NmIwNmQyNjlmMyJ9&pageName=ReportSection https://app.powerbi.com/view?r=eyJrIjoiZmJkYTc1ZTktMjJmNi00MTJmLWI4NzUtYjMwMTYyOWE4OWY5IiwidCI6IjcwNjIyMGRiLTliMjktNGU5MS1hODI1LTI1NmIwNmQyNjlmMyJ9&pageName=ReportSectiona8c1ab58eb02b9300345 https://app.powerbi.com/view?r=eyJrIjoiNGQ1MjY4MWUtMjdlNC00Y2RhLTlmNGMtZmFjN2I4OTEyOGYzIiwidCI6IjcwNjIyMGRiLTliMjktNGU5MS1hODI1LTI1NmIwNmQyNjlmMyJ9&pageName=ReportSectionfa9aefa7805f261b2222
"El Ministerio de Salud cuenta actualmente con convenios de transferencia de información con: Superintendencia de Seguridad Social, Fondo Nacional de Salud, Ministerio de Desarrollo Social y Familia, Ministerio de Educación, Instituto Nacional de Estadísticas, entre otros.","The Ministry of Health currently has information-sharing agreements with: the Superintendency of Social Security, the National Health Fund, the Ministry of Social Development and Family, the Ministry of Education, the National Institute of Statistics, among others."
"El Ministerio del Trabajo expidió la Norma Técnica del Subsistema de Evaluación del Desempeño, en la cual se establecen las políticas, metodologías, instructivos de carácter técnico y operativo, que permitan a las instituciones del Estado sujetas al ámbito de la Ley Orgánica del Servicio Público - LOSEP, medir y estimular la gestión de la entidad, de los procesos internos y sus servidores mediante la fijación de objetivos, metas e indicadores cuantitativos y cualitativos de gestión encaminados a impulsar la consecución de los fines y propósitos institucionales, el desarrollo de los servidores públicos y el mejoramiento continuo de la calidad del servicio público.","The Ministry of Labor issued the Technical Standard for the Performance Evaluation Subsystem, which establishes the policies, methodologies, and technical and operational instructions that allow State institutions under the scope of the Organic Public Service Law (LOSEP) to measure and encourage the performance of the entity, its internal processes, and its employees, by setting quantitative and qualitative management objectives, targets, and indicators aimed at driving the achievement of institutional goals, the development of public servants, and the continuous improvement of public-service quality."
"El Minsa cuenta con la dirección de Planificación, que se encarga de gestionar los procesos y proyectos del MINSA. Y es quien dirige de vigilar a todas las direcciones competentes en las políticas, el cumplimiento de las metas acordadas.","MINSA has a Planning Directorate, responsible for managing MINSA's processes and projects, and which oversees all directorates in charge of policies and compliance with agreed targets."
"El Observatorio de Compra Pública (SIG) se encuentra totalmente digitalizado. Se emiten autorizaciones para hacer procedimientos fuera del Sistema integrado de compras públicas (SICOP), según art. 16 Ley General de Contratación Pública Nº 9986.x` https://www.sicop.go.cr/index.jsp https://www.observatoriocomprapublica.go.cr/","The Public Procurement Observatory (MIS) is fully digitized. Authorizations are issued for carrying out procedures outside the Integrated Public Procurement System (SICOP), pursuant to Article 16 of the General Public Procurement Law No. 9986. https://www.sicop.go.cr/index.jsp https://www.observatoriocomprapublica.go.cr/"
"El SICOES no cuenta con un módulo propio de análisis de datos. Sin embargo, se proporciona la información a diferentes direcciones del Ministerio de Economía y Finanzas Públicas las cuales realizan el respectivo análisis utilizando diferentes herramientas.","SICOES does not have its own data-analysis module. However, information is provided to different directorates within the Ministry of Economy and Public Finance, which carry out their own analysis using different tools."
El SICOES se constituye en el SIG de Contrataciones Públicas.,SICOES constitutes the Public Procurement MIS.
El SIG de RRHH consiste actualmente en 2 sistemas interconectados: GHE (ONSC) y SGH (CGN).  https://gestionhumana.onsc.gub.uy/  https://aps.cgn.red.uy/sgh/,The HR MIS currently consists of 2 interconnected systems: GHE (ONSC) and SGH (CGN).  https://gestionhumana.onsc.gub.uy/  https://aps.cgn.red.uy/sgh/
El SIG ofrece información para aplicaciones enfocadas en los procesos de austeridad del gasto publico,The MIS provides information for applications focused on public-spending austerity processes
El SRI Mantiene un inventario de activos conceptuales de información publicados en web intranet institucional y que posteriormente aterrizan a las respectivas bases de datos.,"The SRI maintains an inventory of conceptual information assets published on the institutional web intranet, which subsequently feed into the respective databases."
"El Servicio Civil es el organismo encargado de la política de gestión de personas en la administración del Estado. Para la capacitación de los servidores públicos se dispone, entre otras instancias, del Campus Servicio Civil. Una de las áreas de capacitación corresponde a Ciencia de Datos, ofreciendo a los servidores públicos cursos asincrónicos sobre herramientas analíticas. https://campus.serviciocivil.cl/mod/page/view.php?id=5#tab-65dcb2642cea65","The Civil Service is the body in charge of the government's people-management policy. Among other options, public servants have access to the Civil Service Campus for training. One of the training areas is Data Science, offering public servants asynchronous courses on analytical tools. https://campus.serviciocivil.cl/mod/page/view.php?id=5#tab-65dcb2642cea65"
"El Simeplans a medida que se va actualizando junto con las evidencias de las tareas resueltas, muestra un porcentaje de avances  de las líneas estratégicas establecidas en las políticas, que responde a preguntas como: ¿Qué ocurrió?”, “¿Cuándo ocurrió?”, “¿Con qué frecuencia ocurrió?” y “¿Cuáles son las características o rasgos clave de los datos?”.","As Simeplans is updated along with evidence of completed tasks, it shows a percentage of progress on the strategic lines set out in the policies, answering questions such as: 'What happened?', 'When did it happen?', 'How often did it happen?', and 'What are the key characteristics or features of the data?'"
El Simeplans se basa en monitorear los avances de las políticas establecidas para la estrategia de gestión establecido por la administración del Ministerio de Salud.,Simeplans is based on monitoring progress on the policies set for the management strategy established by the Ministry of Health's administration.
"El analista de datos en nuestro país no necesariamente es un profesional en tecnologías de la información, dado que existen profesionales en otras áreas que se especializan en análisis de datos para la toma de deciones.","In our country, the data analyst is not necessarily an IT professional, since there are professionals from other fields who specialize in data analysis for decision-making."
"El análisis de datos de la información que las unidades de administración del talento humano registran en el Sistema Informático Integrado del Talento Humano se encuentra a cargo de la Coordinación de Información y Estudios del Trabajo A nivel nacional, el Instituto Nacional de Estadística y Censos es la entidad encargada de coordinar, normar y evaluar la producción de la información estadística oficial proveniente del Sistema Estadístico Nacional, mediante la planificación, ejecución y análisis de operaciones estadísticas oportunas y confiables, así como de la generación de estudios especializados que contribuyan a la toma de decisiones públicas y privadas y a la planificación nacional, mismo que presenta cifras de empleo en el sector privado como público, mediante encuestas de hogares y estadística con base en registros administrativos.","Analysis of the data that human-talent management units record in the Integrated Human Talent Information System is handled by the Labor Information and Studies Coordination Office. At the national level, the National Institute of Statistics and Censuses is the entity responsible for coordinating, regulating, and evaluating the production of official statistical information from the National Statistical System, through the planning, execution, and analysis of timely and reliable statistical operations, as well as the production of specialized studies that contribute to public and private decision-making and national planning; it also reports employment figures for the private and public sectors through household surveys and administrative-record-based statistics."
"El análisis de datos sobre el sistema de información de la gestión de recursos humanos, se realiza a lo internos de la DGSC, en cada área según su competencia. No obstante, el Área de Desarrollo Estratégico dentro de su estrustura, cuenta con la Unidad de Investigación y Desarrollo (UNIDE) que tiene como principal labor impulsar la innovación de modelos, sistemas y procesos de gestión y desarrollo de Recursos Humanos mediante la promoción, la coordinación, la orientación y el desarrollo de la investigación e innovación en temas como: función pública, Administración de Recursos Humanos y Talento Humano, entre otros.","Data analysis on the human-resources management information system is carried out internally by the DGSC, in each area according to its remit. However, the Strategic Development Area includes, within its structure, the Research and Development Unit (UNIDE), whose main task is to drive innovation in HR management and development models, systems, and processes, by promoting, coordinating, guiding, and developing research and innovation on topics such as: public service, HR administration, and human talent, among others."
"El comité de datos fue creado para promover políticas de análisis, estructuración y uso de datos, además de implementar controles sistemáticos de calidad de datos (proceso en mejora continua).","The data committee was created to promote data analysis, structuring, and use policies, as well as to implement systematic data-quality controls (an ongoing improvement process)."
"El principal producto de análisis predictivo con el que cuenta la DGI es el Programa Financiero, que se realiza en acuerdo con la Asesoría Macro Económica del Ministerio de Economía y Finanzas. Los datos históricos de este producto de análisis predicitivo, salen de uno de los componentes del SIG  (del DWH corporativos)  y en base al comportamiento pasado de la recaudación de los diferentes impuestos se realiza la proyección de la recaudación , por mes y por impuesto para el año en curso. Cada impuesto se proyecta por separado,  teniendo en cuenta la variable económica más significativa del mismo ( PIB, empleo, inflación, etc.) Otro producto de análisis predicitivo son las simulaciones que se realizan para poder valorar un cambio en la normativa actual.","The main predictive-analytics product that the DGI has is the Financial Program, carried out in coordination with the Macroeconomic Advisory Office of the Ministry of Economy and Finance. The historical data for this predictive-analytics product comes from one of the MIS components (the corporate DWH), and based on the past behavior of tax collection, a projection of collection is made by month and by tax for the current year. Each tax is projected separately, taking into account its most significant economic variable (GDP, employment, inflation, etc.). Another predictive-analytics product is the simulations carried out to assess the impact of a change in current regulations."
"El protocolo utilizado en este Ministerio es la aprobación del director responsable del sistema o de una autoridad por encima del mismo. Otorgada la autorización, Gobierno Electrónico instrumenta los accesos autorizados.","The protocol used at this Ministry is approval by the director responsible for the system or by an authority above them. Once authorization is granted, e-Government implements the authorized access."
"El punto No. 1 de la respuesta anterior corresponde a lo que se gestiona con APWEB El punto No. 2, 4 y 5 de la respuesta anterior corresponde a lo que se gestiona con SIARH","Point No. 1 of the previous answer corresponds to what is managed through APWEB. Points No. 2, 4, and 5 of the previous answer correspond to what is managed through SIARH"
El sistema de gestión estudiantil contiene todo tipo de información asociado al sistema educativo.,The student management system contains all kinds of information related to the education system.
El sitio web del Ministerio de Finanzas Públicas muestra en cada apartado especifico la cantidad de veces que alguien entra a la información.,"The Ministry of Public Finance's website shows, for each specific section, how many times someone has accessed the information."
Employees within the relevant Divisions/Units of the Ministry can access MIS data,Employees within the relevant Divisions/Units of the Ministry can access MIS data
"En SERVIR estamos iniciando un proyecto de Gobernanza de datos, para ello se ha iniciado con un diagnóstico para definir el alcance del proyecto.","At SERVIR we are launching a Data Governance project; to that end, we have begun with a diagnostic to define the project's scope."
En el 2023 se da la creación de la Unidad de Análisis de Datos de la Dirección General de Ingresos del Ministerio de Economía y Finanzas.,"In 2023, the Data Analysis Unit of the General Directorate of Revenue of the Ministry of Economy and Finance was created."
"En el MITIC proporciono financiamiento para la realizacion de un Diplomado de Data Analytics destinado a funcionarios, adjunto link de la resolucion del mismo. https://gestordocumental.mitic.gov.py/share/s/rtUF9KwiQUOOuz3PqIgYiA",MITIC provided funding to run a Data Analytics Diploma program for officials; attached is the link to the corresponding resolution. https://gestordocumental.mitic.gov.py/share/s/rtUF9KwiQUOOuz3PqIgYiA
"En el MSP hay aproximadamente 40 sistemas vivos, de los cuales contamos con 10 de ellos que están incorporados a SIG SALUD. El MSP dispone de un catálogo con todos los sistemas","The MSP has approximately 40 live systems, of which 10 are incorporated into SIG SALUD. The MSP has a catalog listing all the systems"
En el Ministerio de Salud Pública del Ecuador se cuenta con 103 sistemas de información - aplicaciones de los cuales la mayoría no son interoperables.,"The Ministry of Public Health of Ecuador has 103 information systems/applications, most of which are not interoperable."
"En el Ministerio de Salud se cuenta con sistemas que funcionan en islas, la visión nacional del sector salud es interoperar, se adjunta el listado de sistemas: https://www.ministeriodesalud.go.cr/digital De parte de la Caja Costarricense del Seguro Social se cuenta con los siguientes sistemas: https://statics.teams.cdn.office.net/evergreen- assets/safelinks/1/atp-safelinks.html Por parte del Sistema de Estadística Nacional se cuenta con diversos sistemas: http://sistemas.inec.cr/snisan/ https://sen.inec.cr/","The Ministry of Health has systems that operate as silos; the national vision for the health sector is to achieve interoperability. Attached is the list of systems: https://www.ministeriodesalud.go.cr/digital On the part of the Costa Rican Social Security Fund, the following systems are in place: https://statics.teams.cdn.office.net/evergreen-assets/safelinks/1/atp-safelinks.html On the part of the National Statistics System, there are various systems: http://sistemas.inec.cr/snisan/ https://sen.inec.cr/"
"En el Módulo de Registro de Información- SIITH, utlizado por las Unidades de Talento Humano Institucionales, y de acuerdo a la información ingresada, se puede obtener entre otras variables, el número de servidores públicos activos por cada institución y la información personal y del puesto de cada servidor.","In the Information Registration Module (SIITH), used by the Institutional Human Talent Units, and based on the information entered, it is possible to obtain, among other variables, the number of active public servants per institution and the personal and position information of each employee."
"En el SIG de recursos humano se presenta los tres tipos de análisis, descriptivo, diagnóstico y predictivo, dado que el resultado de estos, permite la toma de decisiones en los diversos niveles de jeraquía, emisión o actualización de lineamientos, implementación de instrumentos o herramientas para la administración de recursos humanos. lo que impacta la gestión de las instituciones y de alguna manera sus dinámicas, ejemplo de esto, la reciente emisión de los salarios globales que para su elaboración se tuvo que realizar diversos análisis para obtener este producto final de aplicación al Régimen de Servicio Civil u otras entidades.","The Human Resources MIS presents all three types of analysis -- descriptive, diagnostic, and predictive -- since their results support decision-making at various hierarchical levels, the issuance or updating of guidelines, and the implementation of tools or instruments for human resources administration, which impacts institutional management and, to some extent, institutional dynamics. An example of this is the recent issuance of global salaries, which required various analyses to produce this final product applied to the Civil Service Regime and other entities."
En el informe fiscal se realiza un análisis descriptivo y de diagnostico de los ingresos y gastos del Sector Público No Financiero. https://www.economiayfinanzas.gob.bo/sites/default/files/2023-11/0.%20Informe%20Fiscal%20Primer%20Semestre%202023.pdf,The fiscal report includes a descriptive and diagnostic analysis of the revenues and expenditures of the Non-Financial Public Sector. https://www.economiayfinanzas.gob.bo/sites/default/files/2023-11/0.%20Informe%20Fiscal%20Primer%20Semestre%202023.pdf
"En el portal web del SNIS-VE se encuentran datos públicos  de acceso libre y muestra información de manera agregada y desagregada de producción de servicios, vigilancia, hechos vitales, vacunación, morbilidad, capacidad instalada en establecimientos de salud, etc. https://snis.minsalud.gob.bo/","The SNIS-VE web portal contains freely accessible public data and shows aggregated and disaggregated information on service delivery, surveillance, vital events, vaccination, morbidity, installed capacity in health facilities, etc. https://snis.minsalud.gob.bo/"
"En el presupuesto institucional no se distingue una partida específica para la investigación o análisis de datos del SIG, sin embargo, se contempla el pago salarial de la planilla institucional, por lo que permitiría decir que de forma indirecta se apoya presupuestariamente, dado que los diversos estudios e investigaciones son realizadas por las personas servidoras de la institución en sus diferentes campos de competencia, asimismo, cabe recalcar que esta DGSC ha sido apoyada por las autoridades de Gobierno respectivas con la autorización de utilización de los puestos que ha venido quedando vacantes.","The institutional budget does not have a specific line item for MIS research or data analysis; however, it does cover the institutional payroll, which allows one to say that budget support is provided indirectly, since the various studies and research are carried out by the institution's staff in their respective areas of expertise. It is also worth noting that this DGSC has been supported by the relevant Government authorities through authorization to use positions that have become vacant."
"En el sitio web de esta DGSC www.dgsc.go.cr se encuentra información salarial, descripción de puestos, especialidades, actividades de capacitación, estadísticas de empleo público, instrumentos utilizados, información necesaria para el acceso a los puestos mediante el proceso de reclutamiento, además de informes relacinandos con la gestión y rendición de cuentas en materia de recursos humanos.","The DGSC website (www.dgsc.go.cr) contains salary information, job descriptions, specialties, training activities, public-employment statistics, tools used, information needed to access positions through the recruitment process, as well as reports related to human resources management and accountability."
"En este cuestionario nos referimos exclusivamente a impuestos internos administrados por la DGI. El SIG existe a nivel de esta Administración Tributaria, siendo la única que puede consultar y preparar información o productos para el resto del Estado y/u otros agentes. No existe una capa de presentación del SIG de Impuestos que pueda ser utilizada por usuarios que no pertenezcan a la Administración. Debido a que la normativa exige el secreto tributario de las actuaciones, son funcionarios de  la Administración, en oportunidad de los diferentes requerimientos de información, quienes procesan lo solicitado. Dada la definición de SIG de Impuestos en el glosario de términos del presente cuestionario, cabe aclarar que el SIG de Impuestos estaría compuesto por el sistema K2B-GRP en lo que tiene que ver con la automatización y agilización del proceso relacionado con la configuración y contabilidad de los impuestos. En cuanto a la presentación de informes de recaudación y gestión de los impuestos, se utiliza el Data Ware House corporativo. En lo que tiene que ver con la elaboración de reportes y analítica de datos se utiliza la herramienta Cognos Analitics. Es una solución de Bussiness Inteligence, que permite crear y ejecutar reportes utilizando la metadata corporativa.  Para algunos productos de análisis de datos se utlizan herramientas adicionales como ser Stata y SPSS, así como lenguajes de programación como R y Python, finalizando su presentación en planillas de cálculo, en algunas oportunidades. Por tratarse de sistemas internos, y dadas las políticas de seguridad de la información, no es posible proporcionar ejemplos de las diferentes salidas de los sistemas. No obstante existen algunas salidas públicas del SIG de impuestos se pueden encontrar en: https://www.gub.uy/direccion-general-impositiva/datos-y-estadisticas/estadisticas","In this questionnaire we refer exclusively to internal taxes administered by the DGI. The MIS exists at the level of this Tax Administration, which is the only body able to consult and prepare information or products for the rest of the State and/or other agents. There is no presentation layer of the Tax MIS that can be used by users outside the Administration. Because the regulations require tax secrecy for these matters, it is Administration officials who process the different information requests as they arise. Given the definition of Tax MIS in the glossary of terms for this questionnaire, it should be clarified that the Tax MIS is made up of the K2B-GRP system with respect to automating and streamlining the process related to tax configuration and accounting. For the presentation of collection and tax-management reports, the corporate Data Warehouse is used. For report production and data analytics, the Cognos Analytics tool is used -- a Business Intelligence solution that allows reports to be created and run using corporate metadata. For some data-analysis products, additional tools such as Stata and SPSS are used, as well as programming languages such as R and Python, sometimes ending in spreadsheets. Because these are internal systems, and given information-security policies, it is not possible to provide examples of the different system outputs. However, some public outputs of the Tax MIS can be found at: https://www.gub.uy/direccion-general-impositiva/datos-y-estadisticas/estadisticas"
"En este momento la  Dirección de Contratación Pública se encuentra en una etapa incipiente de usos de datos de SIG, por lo que no se cuenta con evidencia documental que acredite el uso de datos provenientes de Observatorio de Compra Pública (OCP) salvo las dos opciones marcadas.","At this time, the Directorate of Public Procurement is at an early stage of using MIS data, so there is no documentary evidence of the use of data from the Public Procurement Observatory (OCP) beyond the two options marked."
En la DIAN se utilizan como herramientas de apoyo los tres tipos de análisis en diferentes frentes para atender a las necesidades misionales definidas en la entidad.,"At DIAN, all three types of analysis are used as support tools across different fronts to meet the entity's defined mission needs."
"En la actualidad no existen convenios con universidades u otros organismos para el análisis conjunto de información de impuestos; sin embargo, si existe la posibilidad que investigadores individuales puedan acceder a información más detallada para sus investigaciones mediante una solicitud expresa y acuerdo de confidencialidad","At present there are no agreements with universities or other organizations for joint analysis of tax information; however, individual researchers may be able to access more detailed information for their research through an express request and a confidentiality agreement"
"En la página web, la información que se publica, corresponde a resultados (análisis descriptivo) e informes de resultados  (análisis diagnóstico). Se realiza también análisis predictivo, pero no es de acceso para el público en general. https://srienlinea.sri.gob.ec/sri-en-linea/inicio/NAT  (página web donde indica los servicios en línea ofrecidos a la ciudadanía) https://www.sri.gob.ec/estadisticas-generales-de-recaudacion-sri  (página web donde indica principales resultados obtenidos de recaudación de tributos administrados por el SRI)  https://www.sri.gob.ec/historico-estadisticas-generales-de-recaudacion  (página web donde indica un histórico anual de estadísticas generales de recaudación) https://srienlinea.sri.gob.ec/saiku-ui/ (visor analítico para cubos de  información) https://www.sri.gob.ec/datos-abiertos  (página web con datos digitales disponibles con las características técnicas y jurídicas necesarias para que puedan ser usados, reutilizados y redistribuidos libremente por cualquier persona","On the website, the information published corresponds to results (descriptive analysis) and results reports (diagnostic analysis). Predictive analysis is also carried out, but it is not accessible to the general public. https://srienlinea.sri.gob.ec/sri-en-linea/inicio/NAT (web page indicating the online services offered to citizens) https://www.sri.gob.ec/estadisticas-generales-de-recaudacion-sri (web page showing the main results of tax collection administered by the SRI) https://www.sri.gob.ec/historico-estadisticas-generales-de-recaudacion (web page showing an annual historical record of general collection statistics) https://srienlinea.sri.gob.ec/saiku-ui/ (analytical viewer for information cubes) https://www.sri.gob.ec/datos-abiertos (web page with digital data available with the technical and legal characteristics needed for it to be used, reused, and freely redistributed by anyone"
"En nuestro caso no es ninguna de las opciones, hay varios equipos especializados, tanto en BCU como en MEF","In our case it's none of the options; there are several specialized teams, both at the BCU and at the MEF"
"En otros, es importante mencionar los comprobantes fiscales electrónicos, devoluciones de impuestos y aplicación de beneficios.","Among others, it is worth mentioning electronic tax receipts, tax refunds, and the application of tax benefits."
"Entiendo que diferentes usuarios y en diferentes momentos hacen de los tres tipos de análisis: descriptivo, de diagnóstico y predictivo. Podría decirse que el que mayormente se realiza es de diagnóstico, pero no quiere decir que no se hagan todos.  En la Rendición de Cuentas hay análisis de todos los tipos, en diferentes capítulos.  https://www.gub.uy/ministerio-economia-finanzas/rendicion-cuentas","I understand that different users, at different times, carry out all three types of analysis: descriptive, diagnostic, and predictive. It could be said that diagnostic analysis is carried out most often, but that doesn't mean the others aren't done too. The Accountability Report includes analysis of all types, across different chapters. https://www.gub.uy/ministerio-economia-finanzas/rendicion-cuentas"
"Entre las competencias del MDT establecidos en la LOSEP, se encuentra la de establecer políticas nacionales y normas técnicas de capacitación, así como coordinar la ejecución de programas de formación y capacitación; para regularizar estos procesos, se emitió la Norma Técnica del Subsistema de Formación y Capacitación para el sector público, el cual constituye un conjunto de políticas y procedimientos establecidos para regular los estudios de la carrera del servicio público. Su objetivo es implementar planes, programas y ofertas de formación y capacitación, que permitan desarrollar y fortalecer las competencias de los servidores públicos, en función de los perfiles exigibles de los puestos, establecidos sobre la base de los objetivos institucionales y del Estado","Among the MDT's responsibilities set out in the LOSEP is establishing national policies and technical training standards, as well as coordinating the implementation of training programs; to formalize these processes, the Technical Standard for the Public-Sector Training Subsystem was issued, which constitutes a set of policies and procedures established to regulate public-service career studies. Its objective is to implement training plans, programs, and offerings that develop and strengthen public servants' competencies, based on the required profiles for each position, established on the basis of institutional and State objectives"
"Es importante para poder definir la respuesta anterior, indagar con los/as responsables de los diversos SIG disponibles.","To properly answer the previous question, it is important to check with those responsible for the various available MIS."
"Es un Sistema Integrado Centralizado de la Carrera Administrativa de servicios compartidos en modalidad WEB que brinda soporte a la gestión integral de RRHH del Sector Público, la misma se encuentra centralizada mediante las normativas (SFP) y descentralizada operativamente con los OEE (UOSICCA) El portal Paraguay Concursa forma parte de la plataforma web Sistema Integrado Centralizado de la Carrera Administrativa (SICCA), del Viceministerio de Capital Humano y Gestión Organizacional. El sistema brinda seguridad a las personas que trabajan en Talento Humano porque los postulantes confían en el sistema (SICCA). Porque mantiene el anonimato de los candidatos hasta el final del proceso.","It is a Centralized Integrated Administrative Career System offering shared web-based services that supports comprehensive HR management for the Public Sector; it is centralized through regulations (SFP) and operationally decentralized through the OEE (UOSICCA). The Paraguay Concursa portal is part of the Centralized Integrated Administrative Career System (SICCA) web platform, run by the Vice-Ministry of Human Capital and Organizational Management. The system provides security for HR staff because applicants trust the system (SICCA), since it keeps candidates anonymous until the end of the process."
"Essa métrica atualmente não é monitorada pela Secretaria do Tesouro Nacional, mas apenas as relacionadas aos níveis de serviço da aplicação.","This metric is not currently monitored by the National Treasury Secretariat, only those related to the application's service levels."
Esta en curso un proyecto de análisis de datos (Banderas rojas).,A data-analysis project (Red Flags) is underway.
"Esta herramienta de Simeplans es fundamental dentro de la Institución para la planeación, seguimiento y resultados del cumplimiento de políticas y líneas estratégicas que conllevan datos demográficos de la salud, vigilancia de enfermedades y epidemiologia, instalaciones y atención medica, resultados de salud, entre otros.","This Simeplans tool is essential within the Institution for planning, monitoring, and reporting on compliance with policies and strategic lines involving health demographic data, disease surveillance and epidemiology, facilities and medical care, health outcomes, among others."
"Está en proceso la incorporación de reportería en el Sistema, para generar la estadística","Incorporating reporting into the System, in order to generate statistics, is in progress"
Existe dentro de los instrumentos relacionados un manual para utilización del SIG.,"Among the related instruments, there is a manual for using the MIS."
"Existe documentação técnica da base de dados do Tesouro Gerencial, disponível caso seja solicitada. Porém essas informações não estão consolidadas em um portal próprio para consultas externas.","Technical documentation of the Tesouro Gerencial database exists and is available upon request. However, this information is not consolidated into a dedicated portal for external queries."
"Existe el inventario de información de la DGI, en donde se releva toda la información  disponible que se encuentran en los sistemas operacionales y tambien existe un glosario de la información disponible en el DWH corporativo. En la impresión de pantalla de más abajo, se puede ver toda la metadata disponible. Cada uno de los links lleva a un documento en pdf con los metadatos de la metadata","There is a DGI information inventory, in which all available information found in the operational systems is surveyed, and there is also a glossary of the information available in the corporate DWH. In the screenshot below, all the available metadata can be seen. Each link leads to a PDF document with the metadata of the metadata"
Existe um Catálogo Interno (Catálogo de Dados Analíticos),There is an Internal Catalog (Analytical Data Catalog)
Existe un comité de datos con integrantes de diferentes áreas de la Dirección Nacional de Contrataciones Públicas. Existe un Departamento de Bussiness Intelligence. Existe un Departamento de Inteligencia de Mercado.,There is a data committee with members from different areas of the National Directorate of Public Procurement. There is a Business Intelligence Department. There is a Market Intelligence Department.
"Existe un inventario de datos a nivel de caracterización de funcionariado público, disponible a través de DIPRES.","There is a data inventory at the level of public-employee characterization, available through DIPRES."
Existe un registro detallado de usuarios y accesos al sistema para determinar el uso del mismo,There is a detailed log of users and system access to determine usage of the system
"Existe una Unidad Administrativa que coordina la implementación  gradual del Sistema de Administración de Recursos Humanos, quien en lo sucesivo podrá incorpar la reportería y su consecuente análisis de datos,","There is an Administrative Unit that coordinates the gradual implementation of the Human Resources Administration System, which will subsequently be able to incorporate reporting and its resulting data analysis,"
Existe una unidad de evaluación y monitoreo en ARCE,There is an evaluation and monitoring unit at ARCE
"Existen 2 tipos de evaluaciones, una general donde se valora el apego a los valores de la institución y una específica donde se valora las capacidades técnicas, atinentes al puesto.","There are 2 types of evaluations: a general one that assesses adherence to the institution's values, and a specific one that assesses technical competencies relevant to the position."
"Existen cargos de analista de datos a lo largo de toda la administración, pero no hay una progresión de cargos específicamente diseñada para esto.","There are data-analyst positions throughout the administration, but there is no career progression path specifically designed for this."
"Existen condiciones de uso del sistema, que rigen para instituciones compradoras y para usuarios proveedores.","There are terms of use for the system, which apply to purchasing institutions and to supplier users."
"Existen controles de calidad en el sistema transaccional que provee los datos para el Observatorio de Compra Pública, pero no son suficientes para una adecuada calidad de los datos.","There are quality controls in the transactional system that provides data to the Public Procurement Observatory, but they are not sufficient to ensure adequate data quality."
Existen controles preventivos establecidos en las normas que contienen los manuales de los módulos informáticos,There are preventive controls established in the regulations contained in the IT modules' manuals
"Existen diccionarios de datos, pero se está trabajando en el desarrollo de un inventario de datos del Ministerio de Salud.","Data dictionaries exist, but work is underway to develop a data inventory for the Ministry of Health."
"Existen en Guatemala 14 ministerios y 16 secretarías de las cuales 13 y 15 respectivamente registran Información en el SIARH; Asimismo, hay 12 Instituciones de otras denominaciones que también hace uso de dicho Sistema","In Guatemala there are 14 ministries and 16 secretariats, of which 13 and 15 respectively record information in SIARH; there are also 12 institutions of other types that also use this System"
"Existen inventarios, pero no enmarcan o contienen todos los datos.","Inventories exist, but they do not cover or contain all the data."
Existen los inventarios de datos de los modelos información multidimensionales pero no enmarcan o contienen todos los datos,"Data inventories exist for the multidimensional information models, but they do not cover or contain all the data"
"Existen manuales y normativas, sin embargo, es necesario que se realice una revisión de los mismos a fin de generar herramientas que faciliten y mejoren el proceso de recolección y tratamiento de datos.","Manuals and regulations exist; however, they need to be reviewed in order to produce tools that facilitate and improve the data collection and processing process."
Existen medios oficiales para socializar y publicar la información,There are official channels for sharing and publishing information
"Existen métricas de uso de la plataforma en general, pero específicamente respecto de acceso a datos.","There are metrics on overall platform usage, but not specifically on data access."
Existen otros reportes que se extraen directamente de los sistemas que recaban la información.,There are other reports that are extracted directly from the systems that collect the information.
Existen procesos dentro del desarrollo para las bases de datos que validan y cumplen con la integridad de la información.,There are processes within the development pipeline for the databases that validate and ensure data integrity.
"Existen protocolos de seguridad, perfiles de acceso y contraseñas.","There are security protocols, access profiles, and passwords."
"Existen proyectos que apoyan la elaboración de tableros gerenciales, análisis de datos, calidad de la información. Las instituciones que apoyan estas iniciativas son el Fondo Munmal, el Banco Mundial, el BID y la OPS.  CDC, Conacyt, otros","There are projects supporting the development of management dashboards, data analysis, and information quality. The institutions supporting these initiatives are the Global Fund, the World Bank, the IDB, and PAHO. CDC, Conacyt, others"
"Existen varias cursos enfocados en el análisis de datos, asi como también es aspectos relacionados con el análisis de datos, como son cursos en gestión de datos y calidad de datos. Además AGESIC mantiene un acuerdo con la Facultad de Ingenieria de la Universidad de la República por el cual se han motivado la creación de cursos dentro de educación permanente como es el caso de “Gestión de Calidad de Datos para gobierno digital” https://www.fing.edu.uy/es/node/48225","There are several courses focused on data analysis, as well as related topics such as data management and data quality courses. In addition, AGESIC has an agreement with the Engineering Faculty of the Universidad de la Republica, through which courses have been created within continuing education, such as 'Data Quality Management for Digital Government' https://www.fing.edu.uy/es/node/48225"
"Falta de elaboración de normativa que estipule un protocolo de acceso a datos, respetando la confidencialidad de la información o fuente primaria.",Lack of regulations establishing a data-access protocol that respects the confidentiality of information or the primary source.
Fundación Ciudadanía y Desarrollo: https://portal.compraspublicas.gob.ec/sercop/el-sercop-y-la-fundacion-ciudadania-y-desarrollo-firmaron-el-acta-de-compromiso-del-segundo-plan-de-accion-de-gobierno-abierto-2022-2024/ Fundapi: https://beta.fundapi.org/ GIZ: https://portal.compraspublicas.gob.ec/sercop/sercop-trabaja-en-implementar-procesos-sostenibles-en-la-construccion-de-obras/ Entre otros.,Ciudadania y Desarrollo Foundation: https://portal.compraspublicas.gob.ec/sercop/el-sercop-y-la-fundacion-ciudadania-y-desarrollo-firmaron-el-acta-de-compromiso-del-segundo-plan-de-accion-de-gobierno-abierto-2022-2024/ Fundapi: https://beta.fundapi.org/ GIZ: https://portal.compraspublicas.gob.ec/sercop/sercop-trabaja-en-implementar-procesos-sostenibles-en-la-construccion-de-obras/ Among others.
"Generalmente los que tienen el control de las plataformas tienen la posibilidad de llevar una estadística de quienes consultan las plataformas puestas a disposición, por ejemplo https://pyenresultados.rindiendocuentas.gov.py/","Generally, those who control the platforms are able to keep statistics on who consults the platforms made available, for example https://pyenresultados.rindiendocuentas.gov.py/"
Gestión Transparente Panamá - Iniciativa de Mapainversiones (mef.gob.pa)    Autoridad Nacional de Transparencia y Acceso a la Información | ANTAI,Panama Transparent Management -- Mapainversiones Initiative (mef.gob.pa). National Authority for Transparency and Access to Information | ANTAI
Guía de diligenciamiento de formularios tributarios y aduaneros: https://muisca.dian.gov.co/WebArquitectura/DefFormulariosGratuitos.faces,Guide for filling out tax and customs forms: https://muisca.dian.gov.co/WebArquitectura/DefFormulariosGratuitos.faces
"Hablamos de descentralización dentro de la Adminstración Tributaria, no dentro del Gobierno.","We are talking about decentralization within the Tax Administration, not within the Government."
Hace unas semanas se realizaron justamente capacitaciones sobre IA y Data Analytics realizados por la NIA de Corea https://www.mitic.gov.py/noticias/funcionarios-destacan-espacio-de-capacitacion-sobre-ia-propuesto-por-mitic,"A few weeks ago, training on AI and Data Analytics was carried out by Korea's NIA https://www.mitic.gov.py/noticias/funcionarios-destacan-espacio-de-capacitacion-sobre-ia-propuesto-por-mitic"
Hay iniciativas puntuales,There are specific/one-off initiatives
Hay procesos manuales que deberían automatizarse,There are manual processes that should be automated
Health Management Information System (HMIS) is only partially digitized due to the existence of some physical forms that are not integrated into the Belize Health Information System (BHIS).,Health Management Information System (HMIS) is only partially digitized due to the existence of some physical forms that are not integrated into the Belize Health Information System (BHIS).
Herramienta digital Datos Abiertos del Ministerio de Educación del Ecuador <https://educacion.gob.ec/datos-abiertos/>,Open Data digital tool of the Ministry of Education of Ecuador <https://educacion.gob.ec/datos-abiertos/>
Herramienta digital Datos Abiertos del Ministerio de Educación del Ecuador <https://educacion.gob.ec/informacion-educativa/>,Open Data digital tool of the Ministry of Education of Ecuador <https://educacion.gob.ec/informacion-educativa/>
Human Resource Management System Employee Portal,Human Resource Management System Employee Portal
Informes y Evaluaciones disponibles en la web institucional.,Reports and Evaluations available on the institutional website.
Iniciativas en pequeña escala,Small-scale initiatives
Internal Reports Meetings and Workshops Training Sessions Interdepartmental Collaboration,Internal Reports Meetings and Workshops Training Sessions Interdepartmental Collaboration
Internal funding is available at the national level as well at the Regional Health Authority level.,Internal funding is available at the national level as well at the Regional Health Authority level.
"Invitaciones ad hoc a referentes en el sector educativo, los mismos que participan en el Comité Académico de las revistas <https://educacion.gob.ec/publicaciones-estadistica-educativa/> y manuales <https://educacion.gob.ec/fichas-metodologicas-y-codigo/>","Ad hoc invitations to leading figures in the education sector, who take part in the Academic Committee of the journals <https://educacion.gob.ec/publicaciones-estadistica-educativa/> and manuals <https://educacion.gob.ec/fichas-metodologicas-y-codigo/>"
It is restricted in purpose,It is restricted in purpose
"Já existem capacitações e inclusive uma especialização em Ciência de Dados. Além disso estamos trabalhando em muitas melhorias, incluindo a criação de novas trilhas de capacitação . CAPACITA GOV.BR: https://www.gov.br/governodigital/pt-br/capacita/ Escola Vitual de Governo (EV.G): https://www.escolavirtual.gov.br/","There are already trainings and even a specialization in Data Science. We are also working on many improvements, including the creation of new training tracks. CAPACITA GOV.BR: https://www.gov.br/governodigital/pt-br/capacita/ Virtual School of Government (EV.G): https://www.escolavirtual.gov.br/"
"La Constitución Política de la República de Panamá reconoce entre sus garantías fundamentales la inviolabilidad de las comunicaciones privadas y el derecho que tiene toda persona de acceder a su información personal contenida en bases de datos o registros públicos y privados, y a requerir su rectificación y protección, así como su supresión, de conformidad con lo previsto en la Ley; Que mediante la Ley 81 de 2019 se promulgó el régimen general de protección de datos personales con el objeto de establecer los principios, derechos, obligaciones y procedimientos que regulan la protección de datos personales de las personas naturales.","The Political Constitution of the Republic of Panama recognizes, among its fundamental guarantees, the inviolability of private communications and every person's right to access their personal information held in public and private databases or records, and to request its correction and protection, as well as its deletion, in accordance with the Law; Law 81 of 2019 enacted the general personal-data-protection regime, establishing the principles, rights, obligations, and procedures governing the protection of personal data of natural persons."
"La DGAPF realiza el informe fiscal el cual está dividido en dos partes: la analítica y estadística. En la primera se realiza tanto un análisis descriptivo y de diagnostico. Por otra parte, esta el Programa Fiscal Financiero el cual tiene un análisis predictivo de corto plazo (un año).  1) https://www.economiayfinanzas.gob.bo/sites/default/files/2023-11/0.%20Informe%20Fiscal%20Primer%20Semestre%202023.pdf 2) https://www.economiayfinanzas.gob.bo/sites/default/files/2023-07/PFF_2023.pdf","The DGAPF produces the fiscal report, which is divided into two parts: analytical and statistical. The first includes both descriptive and diagnostic analysis. In addition, there is the Financial Fiscal Program, which includes short-term (one-year) predictive analysis.  1) https://www.economiayfinanzas.gob.bo/sites/default/files/2023-11/0.%20Informe%20Fiscal%20Primer%20Semestre%202023.pdf 2) https://www.economiayfinanzas.gob.bo/sites/default/files/2023-07/PFF_2023.pdf"
La Dirección General de Análisis y Política Fiscal (DGAPF) del Ministerio de Hacienda es la responsable del análisis de los datos presupuestarios y financieros del SIG.,The General Directorate of Fiscal Analysis and Policy (DGAPF) of the Ministry of Finance is responsible for analyzing the MIS's budgetary and financial data.
La Dirección General de Análisis y Política Fiscal (DGAPF) del Ministerio de Hacienda.,The General Directorate of Fiscal Analysis and Policy (DGAPF) of the Ministry of Finance.
"La Dirección General de Análisis y Políticas Fiscales, realiza el seguimiento y análisis de las cifras fiscales del sector público de manera semestral y anual, el cual se plasma en los informes fiscales que se publica de manera oportuna en la página web del Ministerio de Economía y Finanzas Públicas. https://www.economiayfinanzas.gob.bo/index.php/boletines https://www.economiayfinanzas.gob.bo/sites/default/files/2023-11/0.%20Informe%20Fiscal%20Primer%20Semestre%202023.pdf","The General Directorate of Fiscal Analysis and Policies monitors and analyzes the public sector's fiscal figures semi-annually and annually, reflected in the fiscal reports published in a timely manner on the website of the Ministry of Economy and Public Finance. https://www.economiayfinanzas.gob.bo/index.php/boletines https://www.economiayfinanzas.gob.bo/sites/default/files/2023-11/0.%20Informe%20Fiscal%20Primer%20Semestre%202023.pdf"
"La Dirección de Contratación Pública es la unidad especializada. Además, en la Dirección de Tecnologías de Información y Comunicación se encuentra la Unidad de sistemas Informáticos para la Toma de decisiones, que se encarga de este tipo de desarrollos de sistemas.","The Directorate of Public Procurement is the specialized unit. In addition, the Directorate of Information and Communication Technologies has an IT Systems Unit for Decision-Making, which handles this type of system development."
"La Dirección de Gestión Estratégica y de Analítica a través de sus equipos, realiza procesos de estandarización y validación de calidad de datos para los análisis de negocio correspondientes.","The Directorate of Strategic Management and Analytics, through its teams, carries out data standardization and quality-validation processes for the corresponding business analyses."
La Dirección de Tecnologías de Información y Comunicación tiene presupuesto aprobado este año para hacer desarrollos de este tipo y la contratación ya está en proveeduría para su trámite.,"The Directorate of Information and Communication Technologies has an approved budget this year for developments of this kind, and the contracting process is already underway with procurement."
"La División de Estudios y Políticas de compra realiza revisión y limpieza de los datos de las órdenes de compra de manera mensual , con foco en identificar los posibles errores en los montos transados.","The Purchasing Studies and Policies Division carries out monthly review and cleaning of purchase-order data, focusing on identifying possible errors in transacted amounts."
"La ONSC tiene un departamento de Gobierno y Gestión de Datos, que consolida información de los sistemas propios y de otras organizaciones, como CGN y BPS.  Regularmente se realizan controles de consistencia internos de los sistemas de ONSC y también comparando contra las fuentes de datos externas.","ONSC has a Data Governance and Management department, which consolidates information from its own systems and from other organizations, such as CGN and BPS. Internal consistency checks on ONSC's systems are performed regularly, as well as comparisons against external data sources."
"La Resolución Exenta 1346 del Ministerio de Salud del año 2019 establece que el Departamento de Estadísticas e Información de Salud (DEIS) tiene la función de producir información estadística oficial, oportuna y de calidad del Sector Salud. No obstante, otras dependencias del Ministerio de Salud generar información operacional y se establecen coordinaciones normativas, así como apoyo metodológico.","Exempt Resolution 1346 of the Ministry of Health, from 2019, establishes that the Department of Health Statistics and Information (DEIS) is responsible for producing official, timely, and quality statistical information for the Health Sector. However, other units within the Ministry of Health generate operational information, and regulatory coordination as well as methodological support are established."
La SAT proporciona información tributaria contenida en el SIG a distintas Entidades Gubernamentales con quienes ha suscrito convenios de cooperación a través de servicios web habilitados para el intercambio de información.,"The SAT provides tax information contained in the MIS to various Government Entities with which it has signed cooperation agreements, through web services enabled for information exchange."
"La SET desde el año 2006, ha venido innovando en el Sector Público, el primer proyecto encarado fue una reingeniería total de sus Sistemas informáticos. La primera versión del Sistema de gestión Tributaria al cual se le denomino Marangatu fue puesto en producción en el año 2007, a partir de ese momento se ha transitado por una serie de actualizaciones para acompañar el crecimiento en el uso del Sistema. En el año 2016, se inició una transformación total del Sistema el cual fue implementado en junio del 2018. El Sistema de Gestión Tributaria Marangatu es el Sistema de Información de la Subsecretaria de Estado de Tributación, es un sistema en Web que apoya las tareas de los funcionarios y facilita el cumplimiento de las obligaciones a los contribuyentes a través de los módulos tales como: Registro de Contribuyentes, Recepción de Declaraciones Juradas y Recepción de Pagos. En materia de control facilita el seguimiento de las obligaciones de los contribuyentes, entidades recaudadoras y gestión de la administración, a través de los módulos de: Control de cumplimiento y Cuenta corriente del contribuyente, Cobranza Administrativa y Coactiva, Fiscalización Integral y Puntual, Recepción de declaraciones informativas, Administración de Facilidades de Pagos, Administración de Créditos Fiscales, Emisión del certificado de cumplimiento tributario y Consultas y estadísticas para el apoyo y seguimiento a la gestión. Cuenta con módulos de apoyo que administran la información de documentos, parámetros, usuarios y redes de gestión de procesos y modulo para el timbrado de los documentos. El 99% de las declaraciones juradas y pagos, son realizados en línea a través del Sistema, así como una cantidad importante de otros trámites. En el año 2018 se ha dado inicio al proyecto de creación de un Sistema de Facturación Electrónica Nacional, bautizado inicialmente como SIFEN luego paso a denominarse e-kuatia, la etapa piloto arranco en noviembre del 2018 con 14 empresas, actualmente nos encontr","Since 2006, the SET has been innovating within the Public Sector; the first project undertaken was a complete re-engineering of its IT Systems. The first version of the Tax Management System, called Marangatu, went into production in 2007; since then it has gone through a series of updates to keep pace with growing use of the System. In 2016, a complete transformation of the System began, which was implemented in June 2018. The Marangatu Tax Management System is the Information System of the Under-Secretariat of State for Taxation; it is a web-based system that supports staff tasks and makes it easier for taxpayers to meet their obligations, through modules such as: Taxpayer Registration, Receipt of Tax Returns, and Receipt of Payments. For control purposes, it facilitates monitoring of taxpayer obligations, collecting entities, and administration management, through modules such as: Compliance Control and Taxpayer Current Account, Administrative and Coercive Collection, Comprehensive and Targeted Audits, Receipt of Informative Returns, Payment Facility Administration, Tax Credit Administration, Issuance of Tax Compliance Certificates, and Queries and Statistics to support and monitor management. It also has support modules that manage document information, parameters, users, and process-management networks, as well as a module for document stamping. 99% of tax returns and payments are made online through the System, along with a significant number of other procedures. In 2018, the project to create a National Electronic Invoicing System began, initially named SIFEN and later renamed e-Kuatia; the pilot stage started in November 2018 with 14 companies, and we currently find ourselves..."
"La Superintendencia de Administración Tributaria cuenta con normativas internas que regulan el acceso a la información de las Bases de Datos del Sistema de Información de Gestión, los cuales son administrados por la Gerencia de Informática y se otorgan por medio de procedimientos establecidos para llevar el control y regulación de las políticas de acceso directo a las bases de datos mediante herramientas autorizadas.","The Superintendency of Tax Administration has internal regulations governing access to information in the Management Information System's databases, which are managed by the IT Management Office and granted through established procedures to control and regulate direct-access policies to the databases via authorized tools."
La Superintendencia de Administración Tributaria entre sus acciones estratégicas de transparencia y rendición de cuentas lleva a cabo mesas de diálogo para la presentación de resultados.,"Among its strategic transparency and accountability actions, the Superintendency of Tax Administration holds dialogue roundtables to present results."
"La Superintendencia de Administración Tributaria ha llevado acciones para actualizar, modernizar y sistematizar la información del sistema tributario. Como resultado de este esfuerzo se ha definido una hoja de ruta para la calidad de los datos.","The Superintendency of Tax Administration has taken action to update, modernize, and systematize tax-system information. As a result of this effort, a roadmap for data quality has been defined."
"La Superintendencia de Administración Tributaria, en el cumplimiento de sus funciones de organizar y administrar el sistema de recaudación pone a disposición productos que permiten el monitoreo de la recaudación, oportuna rendición de cuentas, mejora la percepción de transparencia, permite una adecuada evaluación de la implementación y diseño de políticas. https://portal.sat.gob.gt/portal/estadisticas-tributarias-sat/","The Superintendency of Tax Administration, in fulfilling its function of organizing and administering the collection system, makes available products that enable monitoring of collection, timely accountability, improved perception of transparency, and proper evaluation of policy design and implementation. https://portal.sat.gob.gt/portal/estadisticas-tributarias-sat/"
"La Superintendencia de Administración Tributaria, en sus esfuerzos de aumentar la recaudación; facilitar a los contribuyentes el cumplimiento y pago de sus obligaciones tributarias y aduaneras; modernizar de manera integral la atención al contribuyente; así como fortalecer las capacidades de gestión y transparencia Institucional, pone a disposición de los usuarios, herramientas actualizadas de acuerdo con estándares internacionales de servicios digitales, entre los que se puede mencionar la Agencia Virtual, el Registro Tributario Unificado Digital, la Factura Electrónica en Línea, Declaraguate entre otras. https://portal.sat.gob.gt/portal/ https://portal.sat.gob.gt/portal/estadisticas-tributarias-sat/ https://portal.sat.gob.gt/portal/efactura/ https://farm3.sat.gob.gt/menu/login.jsf https://declaraguate.sat.gob.gt/declaraguate-web/","The Superintendency of Tax Administration, in its efforts to increase tax collection, make it easier for taxpayers to comply with and pay their tax and customs obligations, comprehensively modernize taxpayer service, and strengthen institutional management and transparency capacities, makes available to users updated tools in line with international digital-service standards, including the Virtual Agency, the Unified Digital Tax Registry, Online Electronic Invoicing, Declaraguate, among others. https://portal.sat.gob.gt/portal/ https://portal.sat.gob.gt/portal/estadisticas-tributarias-sat/ https://portal.sat.gob.gt/portal/efactura/ https://farm3.sat.gob.gt/menu/login.jsf https://declaraguate.sat.gob.gt/declaraguate-web/"
"La agencia de estadísticas y la de seguridad social reciben informes a demanda elaborados por el MSP, por fuera del Sistema SIG","The statistics agency and the social-security agency receive on-demand reports produced by the MSP, outside the MIS System"
La consulta amigable ofrece información sobre la ejecución presupuestal de todas las entidades públicas bajo el alcance de la ley del presupuesto,The friendly query tool provides information on budget execution for all public entities within the scope of the budget law
"La deuda pública e información de instrumentos no se presenta en el SIG propiamente, pero está disponible al público en otras plataformas","Public debt and instrument information is not presented in the MIS itself, but it is publicly available on other platforms"
La dirección Nacional de Planificación el departamento de salud poblacional.,"The National Planning Directorate, the population health department."
"La disponibilidad de datos personales por confidencialidad siguen un protocolo estricto para su obtención (SIE, SISEP). Los datos estadísticos son de uso público https://seie.minedu.gob.bo/ https://reportes.sie.gob.bo/reporteestadistico/","Availability of personal data, due to confidentiality, follows a strict protocol for obtaining it (SIE, SISEP). Statistical data is for public use https://seie.minedu.gob.bo/ https://reportes.sie.gob.bo/reporteestadistico/"
"La división de Estudios y Políticas de Compra de Chile Compra es la encargada de las cifras oficiales de las compras públicas, y de la información disponible a través del portal de Datos Abiertos. https://datos-abiertos.chilecompra.cl/datos-abiertos","The Purchasing Studies and Policies division of Chile Compra is in charge of the official public-procurement figures, and of the information available through the Open Data portal. https://datos-abiertos.chilecompra.cl/datos-abiertos"
"La entidad cuenta con el SIGOB, sus siglas es el Servicio de consulta de Correspodnencia Oficial del Ministerio de Economía y Finanzas de Panamá. Desde este portal los usuarios podrá saber con precisión el estado de gestión de cualquier documento que haya sido registrado o producido en el Sistema de Transparencia Documental la institución. Adjunto captura de pantalla del servicio señalados en respuesta que antecede.","The entity has SIGOB, which stands for the Official Correspondence Query Service of Panama's Ministry of Economy and Finance. Through this portal, users can find out precisely the status of any document that has been registered or produced in the institution's Document Transparency System. Attached is a screenshot of the service mentioned in the previous answer."
La entidad cuenta con la Dirección de Gestión Estratégica y de Analítica,The entity has a Directorate of Strategic Management and Analytics
"La entidad tiene implementado los acuerdos de confidencialidad para regular la seguridad de acceso a los datos tanto de los funcionarios como de proveedores externos. Así mismo se tienen implementados formatos de autorización para que los funcionarios que requieran acceso a los datos de los sistemas de información, se les otorguen los permisos correspondientes con el aval del jefe inmediato",The entity has implemented confidentiality agreements to regulate data-access security for both employees and external providers. Authorization forms have also been implemented so that employees who require access to information-system data are granted the corresponding permissions with approval from their immediate supervisor
La estrategia va dirigida por la Dirección Nacional de Planificación del Ministerio de Salud encargada de colaborar con el análisis.,"The strategy is led by the Ministry of Health's National Planning Directorate, which is responsible for supporting the analysis."
La frecuencia para ingresar al sistema de Simeplans y actualizar resultados y subir evidencias.,The frequency for logging into the Simeplans system and updating results and uploading evidence.
"La gestión de la información se desenvuelve de manera manual, semiautomatizada y totalmente automatizada en varios establecimientos de salud del país.","Information management takes place manually, semi-automated, and fully automated across various health facilities in the country."
La información Institucional a nivel país es gestionada y centralizada por el MSPAS a través de la Dirección de Tecnología.,Institutional information at the country level is managed and centralized by MSPAS through the Technology Directorate.
"La información Institucional a nivel país la tiene centralizada el MSPAS a través de la Dirección de Tecnología. Es información sensible de pacientes, por lo que no es posible adjuntar información","Institutional information at the country level is centralized by MSPAS through the Technology Directorate. It is sensitive patient information, so it is not possible to attach it"
"La información Institucional general a nivel país, se encuentra centralizada en el MSPAS a través de la Dirección de Tecnología.",General institutional information at the country level is centralized in MSPAS through the Technology Directorate.
"La información administrativa generada permite la posibilidad de construir indicadores, producción de servicios en salud, datos de causas de morbilidad y mortalidad","The administrative information generated makes it possible to build indicators, health-service production data, and data on causes of morbidity and mortality"
La información de contratación pública se alinea en lo exigido para la calidad estadística establecida por el ente rector de las estadísticas a nivel ecuatoriano (INEC). Hay un trabajo continuo para conseguir lo solicitado.,Public-procurement information is aligned with the statistical-quality requirements set by Ecuador's national statistics authority (INEC). There is ongoing work to meet these requirements.
"La información de impuestos publicada en la página web o por otros canales oficiales, primero es conciliada, corroborada y depurada.","Tax information published on the website or through other official channels is first reconciled, verified, and cleaned."
"La información del Departamento se publica regularmente en su página web como tablero (dashboard), datos abiertos o tablas. Se puede acceder en el siguiente enlace: https://deis.minsal.cl/","The Department's information is regularly published on its website as a dashboard, open data, or tables. It can be accessed at the following link: https://deis.minsal.cl/"
La información está disponible en 2 sitios: www.mercadopublico.cl (sitio web transaccional) datos-abiertos.chilecompra.cl (sitio  web especializado en datos),The information is available on 2 sites: www.mercadopublico.cl (transactional website) datos-abiertos.chilecompra.cl (data-specialized website)
"La información institucional de salud, es gestionada por el MSPAS, a través de la Dirección de Tecnología.","Institutional health information is managed by MSPAS, through the Technology Directorate."
"La información publicada en la página web, o por otros canales oficiales, es de carácter agregado, no se publican datos individuales (sensibles) de los contribuyentes, pues se consideran de carácter reservado / confidencial.","Information published on the website, or through other official channels, is aggregated; individual (sensitive) taxpayer data is not published, as it is considered confidential/restricted."
La información se focaliza en describir el comportamiento histórico de los agentes que participan de las compras públicas. Ver datos-abiertos.chilecompra.cl (sitio  web especializado en datos),The information focuses on describing the historical behavior of agents participating in public procurement. See datos-abiertos.chilecompra.cl (data-specialized website)
La propia administracion difunde los resultados de los analisis realizados,The administration itself disseminates the results of the analyses carried out
La respuesta anterior fue contestada considerando la situación específica del Servicio de Impuestos Internos al respecto.,The previous answer was given considering the specific situation of the Internal Revenue Service in this regard.
La website del Ministerio de Educación <https://educacion.gob.ec/> transparenta su gestión a través de la herramienta digital Datos Abiertos del Ministerio de Educación del Ecuador <https://educacion.gob.ec/datos-abiertos/>,The Ministry of Education's website <https://educacion.gob.ec/> makes its management transparent through the Open Data digital tool of the Ministry of Education of Ecuador <https://educacion.gob.ec/datos-abiertos/>
"Las Direcciones Generales de Macrofiscal, Presupuesto, Inversión Pública, Crédito Público, Contingencias Fiscales, Política Tributaria, Contaduría General de la República En el sitio web se encuentran los diferentes datos e informes de análisis","The Directorates General of Macro-Fiscal Policy, Budget, Public Investment, Public Credit, Fiscal Contingencies, Tax Policy, and the Office of the Comptroller General of the Republic. Various data and analysis reports are available on the website"
Las entidades externas tienen acceso a la información tributaria definida a través de convenios interadministrativos de intercambio de información,External entities have access to tax information defined through inter-administrative information-exchange agreements
Las entidades tienen acceso a su propia información que genera.,Entities have access to their own information that they generate.
Las evaluaciones que utlizamos para medir las habilidades son los resultados de los cursos brindados a organismos del estado en la PEA (Plataforma Educativa de AGESIC) https://capacitacion.agesic.gub.uy,The assessments we use to measure skills are the results of courses offered to government agencies through PEA (AGESIC's Educational Platform) https://capacitacion.agesic.gub.uy
"Las fuentes datos que componen el Sistema de Información de Gestión cuentan con las categorías anteriormente indicadas, proporcionan variables relevantes y patrones de comportamiento de contribuyentes, grupos, sectores y/o actividades económicas, necesarios para para la toma de decisiones de las autoridades.","The data sources that make up the Management Information System have the categories mentioned above, and provide relevant variables and behavior patterns of taxpayers, groups, sectors, and/or economic activities, needed for authorities' decision-making."
Las publicaciones en web y la  Rendición de Cuentas son canales formales.  https://www.gub.uy/ministerio-economia-finanzas/tematica/resultados-del-sector-publico  https://www.gub.uy/ministerio-economia-finanzas/rendicion-cuentas,Web publications and the Accountability Report are formal channels.  https://www.gub.uy/ministerio-economia-finanzas/tematica/resultados-del-sector-publico  https://www.gub.uy/ministerio-economia-finanzas/rendicion-cuentas
"Las tres tipos de análisis se aplican, en diferentes contextos y objetivos.","All three types of analysis are applied, in different contexts and for different objectives."
Ley de Estadística y Ley de Protección de Datos Personales.,Statistics Law and Personal Data Protection Law.
Ley de Transparencia y Acceso a la Información Pública Política de seguridad para acceso a los sistemas. https://www.sefin.gob.hn/download_file.php?download_file=/wp-content/uploads/2022/08/Decreto-60-2022.pdf,Transparency and Access to Public Information Law. Security policy for system access. https://www.sefin.gob.hn/download_file.php?download_file=/wp-content/uploads/2022/08/Decreto-60-2022.pdf
"Los Sistemas Integrados de Administración Financiera, son sistemas que facilitan el seguimiento y la evaluación de la información financiera, permite la realización de los registros de las operaciones financieras y brinda diversas herramientas para contar con la información necesaria y oportuna para realizar la toma de decisiones correspondientes.  https://sicoin.minfin.gob.gt/SICOINWEB/login/frmLogout.aspx https://sicoindes.minfin.gob.gt/SICOINWEB/login/frmlogin.htm https://siges.minfin.gob.gt/SIGESWeb/login/frmLogin.aspx","The Integrated Financial Administration Systems are systems that facilitate monitoring and evaluation of financial information, allow financial transactions to be recorded, and provide various tools to have the necessary and timely information for the corresponding decision-making.  https://sicoin.minfin.gob.gt/SICOINWEB/login/frmLogout.aspx https://sicoindes.minfin.gob.gt/SICOINWEB/login/frmlogin.htm https://siges.minfin.gob.gt/SIGESWeb/login/frmLogin.aspx"
"Los Sistemas Integrados de Administración Financiera, tiene diseñado diferentes validadores para que la información muestra más consistencia entre si.",The Integrated Financial Administration Systems have different validators designed to make the information more consistent with itself.
"Los cursos brindados a organismos del estado son:  Por ENAP:  - Programa de Alta Gerencia Pública  - Análisis y Asesoramiento en Políticas Públicas  - Diseño, Monitoreo y Evaluación de Políticas Públicas  - Gestión Financiera, Compras Estatales y Control  - Planificación y procesos: enfoque metodológico orientado al diagnostico y resolución de problemas  en Moodle ENAP https://moodle.onsc.gub.uy/moodle/ Por AGESIC:  - Decisiones basadas en BI  - La importancia de uso de datos  - Proceso de análisis de datos   en PEA (Plataforma Educativa de AGESIC) https://capacitacion.agesic.gub.uy. También están los cursos brindados por la plataforma educativa de Ceibal. https://edux.ceibal.edu.uy/courses","The courses offered to government agencies are:  Through ENAP:  - Senior Public Management Program  - Public Policy Analysis and Advisory  - Design, Monitoring and Evaluation of Public Policies  - Financial Management, Government Procurement and Control  - Planning and processes: a methodological approach oriented toward diagnosis and problem-solving, on Moodle ENAP https://moodle.onsc.gub.uy/moodle/ Through AGESIC:  - BI-based decisions  - The importance of using data  - Data analysis process, on PEA (AGESIC's Educational Platform) https://capacitacion.agesic.gub.uy. There are also courses offered by Ceibal's educational platform. https://edux.ceibal.edu.uy/courses"
"Los datos demográficos se obtienen de las estadísticas vitales anteriormente descritas. La vacunación del Registro Nacional de Inmunizaciones. Las instalaciones del Registro de Establecimientos que se actualiza semanalmente. Los servicios de atención médica y su utilización del Resumen Estadístico Mensual (REM) que tiene cobertura nacional para el sistema público. Los resultados de salud de la base de datos de egresos hospitalarios, estadísticas vitales y atenciones de urgencias.","Demographic data comes from the vital statistics described above. Vaccination data comes from the National Immunization Registry. Facility data comes from the Establishment Registry, which is updated weekly. Health-care service data and its use come from the Monthly Statistical Summary (REM), which has national coverage for the public system. Health outcomes come from the hospital-discharge database, vital statistics, and emergency-care records."
"Los impulsores pueden varias por objetivos, pero no existe una estrategia institucional que unifique todas las aplicaciones. Respecto de calidad de datos, se realizan acciones de aseguramiento de calidad, puesto que la data es utilizada no solo con fines estadísticos, sino para aplicación de política públicas.","Drivers can vary by objective, but there is no institutional strategy that unifies all applications. Regarding data quality, quality-assurance actions are carried out, since the data is used not only for statistical purposes but also for the application of public policy."
Los indicadores socio demográficos surgen de encuestas y estudios temáticas desarrolladas por el Instituto Nacional de Estadística (INE) por competencia.,"Socio-demographic indicators come from surveys and thematic studies developed by the National Institute of Statistics (INE), depending on the subject."
"Los informes que la ONCAE genera, unicamente se basan en informar a la ciudadanía como fueron invertidos los fondos públicos. https://oncae.gob.hn/archivos/category/256-boletines-2023?download=7183:boletin-estadistico-trimestral-q3-2023",The reports generated by ONCAE are solely aimed at informing citizens how public funds were spent. https://oncae.gob.hn/archivos/category/256-boletines-2023?download=7183:boletin-estadistico-trimestral-q3-2023
"Los presupuestos públicos son limitados, por lo que se identifican brechas de financiamiento para solicitar la alineación y apoyo de la cooperación internacional","Public budgets are limited, so funding gaps are identified in order to seek alignment and support from international cooperation"
"Los principales productos del SIG de carácter público se difunden en la página web de la DGI ya mencionada: https://www.gub.uy/direccion-general-impositiva/datos-y-estadisticas/estadisticas Cuando un agente del Estado u otro organismo, tiene una necesidad información o de algún producto de analítica de datos, se realiza un acuerdo de intercambio y se establecen  los protocolos de intercambio de acuerdo a las necesidades. Existen más de 80 organismos públicos y privados que reciben información o productos de analítica de datos de la Administración. Un ejemplo de estos acuerdos: https://www.elpais.com.uy/negocios/noticias/el-nuevo-convenio-que-alcanzo-la-dgi-con-la-caja-profesional-para-mejorar-la-fiscalizacion  https://www.aduanas.gub.uy/innovaportal/v/11060/14/innova.front/trascendente-convenio-entre-la-dna-y-dgi.html","The main public-facing MIS products are disseminated on the DGI's website already mentioned: https://www.gub.uy/direccion-general-impositiva/datos-y-estadisticas/estadisticas When a State agent or another agency needs information or a data-analytics product, an exchange agreement is drawn up and exchange protocols are established according to the needs. There are more than 80 public and private organizations that receive information or data-analytics products from the Administration. An example of these agreements: https://www.elpais.com.uy/negocios/noticias/el-nuevo-convenio-que-alcanzo-la-dgi-con-la-caja-profesional-para-mejorar-la-fiscalizacion https://www.aduanas.gub.uy/innovaportal/v/11060/14/innova.front/trascendente-convenio-entre-la-dna-y-dgi.html"
"Los procesos de Carga, Extracción y Transformación que actualizan los modelos de información multidimensionales y otras herramientas relacionadas con la Analítica, tienen procesos de revisión y transformación de los datos, según reglas de negocio definidos para cada caso.","The Load, Extraction, and Transformation processes that update the multidimensional information models and other analytics-related tools include data-review and transformation processes, according to business rules defined for each case."
"Los sistemas de información de la entidad reúnen los datos básicos y confidenciales de los contribuyentes, bajo las normas y estándares de seguridad y privacidad de datos. Así mismo, estos sistemas contienen la traza histórica de las declaraciones llevadas a cabo por los contribuyentes, lo cual está enlazado con actualizaciones normativas y políticas fiscales.","The entity's information systems bring together taxpayers' basic and confidential data, under data-security and privacy standards and rules. These systems also contain the historical trace of returns filed by taxpayers, which is linked to regulatory updates and fiscal policies."
Lugar que presenta datos y publicaciones histórico del Sistema Nacional de Educación a través de la herramienta digital Datos Abiertos del Ministerio de Educación del Ecuador <https://educacion.gob.ec/datos-abiertos/>,Place presenting historical data and publications from the National Education System through the Open Data digital tool of the Ministry of Education of Ecuador <https://educacion.gob.ec/datos-abiertos/>
"MDT Digital Skills Development Programme, called WeLearnTT is accessible to the public service of Trinidad and Tobago- Ministries, Departments and Agencies (MDAs) can provide additional training where required.","MDT Digital Skills Development Programme, called WeLearnTT is accessible to the public service of Trinidad and Tobago- Ministries, Departments and Agencies (MDAs) can provide additional training where required."
Main Communication channel is to Ministry of Planning through monthly reporting process.,Main Communication channel is to Ministry of Planning through monthly reporting process.
Mayormente AGESIC y el programa SALUDUY,Mostly AGESIC and the SALUDUY program
"Mediante el Proceso de Cooperación Internacional se la llevado a cabo la suscripción de diversos convenios y/o proyectos de cooperación nacional e internacional, lo que ha venido a fortalecer y a enriquecer los métodos de trabajo e instrumentos para el análisis de los datos del SIG","Through the International Cooperation Process, various national and international cooperation agreements and/or projects have been signed, which have strengthened and enriched the work methods and tools for MIS data analysis"
"Mediante el ejercicio de Presupuesto abierto, se busca fortalecer la participación ciudadana, la transparencia y rendición de cuentas.","Through the Open Budget exercise, the aim is to strengthen citizen participation, transparency, and accountability."
"NOTA: El SIGEP no cuenta con un módulo propio de análisis de datos. Sin embargo, se proporciona información a las diferentes direcciones del Ministerio de Economía y Finanzas Públicas las cuales realizan el respectivo análisis utilizando otras herramientas.","NOTE: SIGEP does not have its own data-analysis module. However, information is provided to the different directorates of the Ministry of Economy and Public Finance, which carry out the corresponding analysis using other tools."
"NOTA: El SIGEP no cuenta con un módulo propio de análisis de datos. Sin embargo, se proporciona información a las diferentes direcciones del Ministerio de Economía y Finanzas Públicas las cuales realizan el respectivo análisis utilizando otras herramientas. https://sigep.gob.bo/sigep_publico/faces/SFprEjecucionPresupuestaria http://vmpc.economiayfinanzas.gob.bo/financiera0.asp https://sigep.gob.bo/sigep_publico/faces/SFprRepPub?gestion=2024 https://www.economiayfinanzas.gob.bo/index.php/boletines Presupuesto ciudadano: https://www.economiayfinanzas.gob.bo/index.php/viceministerios/vpcf/presupuesto-ciudadano  https://www.economiayfinanzas.gob.bo/sites/default/files/2023-11/0.%20Informe%20Fiscal%20Primer%20Semestre%202023.pdf https://www.economiayfinanzas.gob.bo/sites/default/files/2023-11/0.%20Informe%20Fiscal%20Primer%20Semestre%202023.pdf","NOTE: SIGEP does not have its own data-analysis module. However, information is provided to the different directorates of the Ministry of Economy and Public Finance, which carry out the corresponding analysis using other tools. https://sigep.gob.bo/sigep_publico/faces/SFprEjecucionPresupuestaria http://vmpc.economiayfinanzas.gob.bo/financiera0.asp https://sigep.gob.bo/sigep_publico/faces/SFprRepPub?gestion=2024 https://www.economiayfinanzas.gob.bo/index.php/boletines Citizen budget: https://www.economiayfinanzas.gob.bo/index.php/viceministerios/vpcf/presupuesto-ciudadano  https://www.economiayfinanzas.gob.bo/sites/default/files/2023-11/0.%20Informe%20Fiscal%20Primer%20Semestre%202023.pdf https://www.economiayfinanzas.gob.bo/sites/default/files/2023-11/0.%20Informe%20Fiscal%20Primer%20Semestre%202023.pdf"
No aplica,Not applicable
"No es posible indicar si existe una carrera específica diseñada por el gobierno para análisis de datos; se puede acotar que la institución encargada de la producción estadística nacional es el Instituto Nacional de Estadísticas y Censos (INEC), cuya misión se centra en coordinar, normar y evaluar la producción de la información estadística oficial proveniente del Sistema Estadísticio Nacional, mediante la planificación, ejecución y análisis de operaciones estadísticas oportunas y confiables, sin embargo, dicha institución está normada por las leyes vigentes, y no se puede relacionar a una carrera para el análisis de datos.","It is not possible to indicate whether there is a specific career designed by the government for data analysis; it can be noted that the institution responsible for national statistical production is the National Institute of Statistics and Censuses (INEC), whose mission focuses on coordinating, regulating, and evaluating the production of official statistical information from the National Statistical System, through the planning, execution, and analysis of timely and reliable statistical operations; however, this institution is governed by current laws, and cannot be linked to a data-analysis career."
"No es un SIG de Finanzas Públicas solo, sino que en diferentes reparticiones del MEF, así como en el BCU se dispone de la información de Finanzas Públicas, en diferentes sistemas de información.  El la web del BCU se hace referencia a la Pagina Nacional de  Datos de Uruguay en el FMI donde se sintetizan los temas de Finanzas Públicas:  https://www.bcu.gub.uy/Estadisticas-e-Indicadores/Documents/FMI/sddsuruguay.html  https://dsbb.imf.org/sdds/dqaf-base/country/URY/category/GGO00","It is not just a single Public Finance MIS; rather, Public Finance information is available across different MEF offices, as well as at the BCU, in different information systems. The BCU website refers to Uruguay's National Data Page at the IMF, which summarizes Public Finance topics: https://www.bcu.gub.uy/Estadisticas-e-Indicadores/Documents/FMI/sddsuruguay.html https://dsbb.imf.org/sdds/dqaf-base/country/URY/category/GGO00"
No existe un inventario formal de todos los datos disponibles.  Sí existe documentación de cada sistema que incluye el modelo de datos. Se está trabajando en la elaboración de documentación formal de los datos del sistema GHE.,There is no formal inventory of all available data. There is documentation for each system that includes the data model. Work is underway to produce formal documentation of the GHE system's data.
"No existe un protocolo formal. Debido a la naturaleza sensible de la información personal de salud, su acceso está regulado a través de convenios entre instituciones públicas.","There is no formal protocol. Due to the sensitive nature of personal health information, access to it is regulated through agreements between public institutions."
"No existe un protocolo único, cada colaboración deriva de un convenio que regula las reglas de relacionamiento, así como también tenemos políticas y estándares para el uso y manejo de los datos.","There is no single protocol; each collaboration derives from an agreement that regulates the rules of engagement, and we also have policies and standards for data use and handling."
No se cuenta con un registro de acceso de entidades gubernamentales,There is no log of access by government entities
"No se incluye información de los padres, ni en este item (17), ni en el siguiente (18).","Information about parents is not included, either in this item (17) or in the next one (18)."
No se tiene un registro organizado con la información de los datos disponibles.,There is no organized record of the available data.
No tengo la seguridad de cómo se usa la data para las predicciones,I am not sure how the data is used for the predictions
"Nota: Actualmente no se conoce de una estrategia documentada para este tipo de colaboraciones, sin embargo, si se han tenido trabajos conjuntos con el Centro Interamericano de Administraciones Tributarias (CIAT) para la implementación de funcionalidades de Machine Learning, como parte de la implementación del Laboratorio de Analítica del CIAT. Adicionalmente, la Administración Tributaria se apoya en Asistencias Técnicas.","Note: There is currently no documented strategy for this type of collaboration, however, there has been joint work with the Inter-American Center of Tax Administrations (CIAT) to implement Machine Learning functionalities, as part of the implementation of CIAT's Analytics Lab. Additionally, the Tax Administration relies on Technical Assistance."
"Nota: En el caso del punto 6, existe el registro, pero no completo de todas las acciones de cumplimiento y fiscalización. • Administración Tributaria Virtual (ATV): Sistema donde en el cual los obligados tributaros realizan la inscripción de sus obligaciones, suministran la información de la ficha del “Registro Único Tributario”, presentan sus declaraciones de autoliquidación y algunas informativas, pueden ordenar el pago de sus obligaciones mediante la plataforma del Sistema de Negociación y Pagos Electrónicos (SINPE) del BCCR (por medio de un DTR), se accede a la herramienta gratuita para la emisión de comprobantes electrónicos y se comunica el cese de sus actividades (des inscripciones) y otras gestiones relacionadas con la Administración Tributaria. https://atv.hacienda.go.cr/ATV/login.aspx • Declara Web: Sistema donde se suben las declaraciones informativas de los obligados tributarios https:/declaraweb.hacienda.go.cr/DECLARAWEB/wfEnviar.aspx • Comprobantes Electrónicos: Funcionalidad donde se validan y reciben los comprobantes electrónicos enviados por los obligados tributarios. https:/www.hacienda.go.cr/docs/N2ComprobantesElectronicos.pdf • Recauda Web: Aplicativo donde las entidades recaudadoras registran los pagos y formularios presentados en papel. https://recaudaweb.hacienda.go.cr/recaudaweb/wfIndex.aspx • Conectividad: Funcionalidad dispuesta a los bancos donde se registran las deudas y se pueden realizar los pagos de los obligados tributarios, desde las plataformas bancarias. TICA: Sistema de gestión de trámites aduaneros tales como: registro de declaraciones aduaneras, registro de tránsitos de mercancías, control de inventarios de almacenes fiscales, entre otros. • Golfito: Sistema encargado del registro de compras e inventarios registrados en el Puerto Libre de Golfito. • Exonet: Sistema encargado del registro y control de las exoneraciones de impuestos. https://exenciones.hacienda.go.cr/exenciones/exinicio.aspx","Note: For point 6, the record exists, but does not fully cover all compliance and audit actions. * Virtual Tax Administration (ATV): System where taxpayers register their obligations, provide information for the 'Unified Tax Registry' record, file self-assessment returns and some informative returns, can order payment of their obligations through the Electronic Payments and Negotiation System (SINPE) of the BCCR (via a DTR), access the free tool for issuing electronic vouchers, and report the cessation of their activities (deregistration) and other Tax-Administration-related procedures. https://atv.hacienda.go.cr/ATV/login.aspx * Declara Web: System where taxpayers upload informative returns https://declaraweb.hacienda.go.cr/DECLARAWEB/wfEnviar.aspx * Electronic Vouchers: Functionality where electronic vouchers sent by taxpayers are validated and received. https://www.hacienda.go.cr/docs/N2ComprobantesElectronicos.pdf * Recauda Web: Application where collecting entities record payments and forms submitted on paper. https://recaudaweb.hacienda.go.cr/recaudaweb/wfIndex.aspx * Connectivity: Functionality provided to banks, where taxpayer debts are recorded and payments can be made from banking platforms. TICA: Customs-procedure management system, such as: registration of customs declarations, registration of goods in transit, inventory control of bonded warehouses, among others. * Golfito: System responsible for registering purchases and inventories recorded at the Golfito Free Port. * Exonet: System responsible for registering and controlling tax exemptions. https://exenciones.hacienda.go.cr/exenciones/exinicio.aspx"
"Nota: Se considera como principal la respuesta 2, sin embargo, es importante mencionar que a nivel de áreas funcionales específicas, también se realizan esfuerzos específicos de análisis y uso de la información. En la Dirección de Tecnologías de Información y Comunicación (DTIC), existe una Unidad denominada Sistemas Informáticos para la Toma de Decisiones, la cual tiene dentro de sus funciones el desarrollo de aplicaciones y sistemas dedicados a generar datos y funcionalidades como apoyo a la Toma de Decisiones. Esta Unidad brinda servicios a todas las áreas del Ministerio, en su mayoría a las áreas de Ingresos, donde específicamente se encuentran la gestión de impuestos.","Note: Answer 2 is considered the main one, but it's worth noting that specific analysis and information-use efforts are also carried out at the level of specific functional areas. Within the Directorate of Information and Communication Technologies (DTIC), there is a Unit called Information Systems for Decision-Making, whose functions include developing applications and systems dedicated to generating data and functionalities to support decision-making. This Unit provides services to all areas of the Ministry, mostly to the Revenue areas, where tax management is specifically located."
"Nunca se obtuvo financiamiento por parte del Gobierno, más allá del presupuestal, para potenciar productos de analítica de datos en la DGI. Si existe financiamiento por parte de organismos internacionales.","The Government never provided funding, beyond the budget, to boost data-analytics products at the DGI. There is funding from international organizations."
"Não existe uma carreira específica, mas existem cargos que tratam deste tema na forma de ciência e análise de dados.","There is no specific career, but there are positions dealing with this topic in the form of data science and analysis."
"Não existem avaliações de indivíduos quanto as competências analíticas, porém anualmente é feita a avaliação das entidades integrantes do SISP através do Autodiagnóstico SISP norteado pelo Modelo de Maturidade em Governança e Gestão de Dados. Este modelo avalia, entre outras coisas, a capacidade em Análise de Dados. SISP: Sistema de Administração dos Recursos de Tecnologia da Informação (https://www.gov.br/governodigital/pt-br/estrategias-e-governanca-digital/sisp) Autodiagnóstico SISP: https://www.gov.br/governodigital/pt-br/teste-ab/estrategias-e-governanca-digital/sisp/autodiagnostico-igovsisp/autodiagnostico","There are no assessments of individuals' analytical competencies; however, an annual assessment of SISP member entities is carried out through the SISP Self-Assessment, guided by the Data Governance and Management Maturity Model. This model assesses, among other things, Data Analysis capacity. SISP: Information Technology Resources Administration System (https://www.gov.br/governodigital/pt-br/estrategias-e-governanca-digital/sisp) SISP Self-Assessment: https://www.gov.br/governodigital/pt-br/teste-ab/estrategias-e-governanca-digital/sisp/autodiagnostico-igovsisp/autodiagnostico"
"O Tesouro Gerencial é o sistema que tem como principal objetivo a construção de relatórios gerenciais para os usuários do SIAFI (Sistema Integrado de Administração Financeira do Governo Federal). O SIAFI consiste no principal instrumento utilizado para registro, acompanhamento e controle da execução orçamentária, financeira e patrimonial do Governo Federal do Brasil.","Tesouro Gerencial is the system whose main purpose is to build management reports for SIAFI users (Federal Government Integrated Financial Administration System). SIAFI is the main tool used to record, monitor, and control the budgetary, financial, and asset execution of the Brazilian Federal Government."
Open Contracting Parnership,Open Contracting Partnership
Os dois portais abaixo apresentam informações consolidadas do Tesouro Gerencial em uma linguagem mais adequada para consumo dos diversos setores da sociedade:  https://www.tesourotransparente.gov.br/ - Portal de dados abertos da Secretaria do Tesouro Nacional https://portaldatransparencia.gov.br/ - Portal de dados abertos da Controladoria-Geral da União,The two portals below present consolidated Tesouro Gerencial information in language more suited for consumption by various sectors of society:  https://www.tesourotransparente.gov.br/ - National Treasury Secretariat's open data portal https://portaldatransparencia.gov.br/ - Office of the Comptroller General's open data portal
Os normativos que regulamentam o acesso ao SIAFI e ao Tesouro Gerencial estão disponíveis no link abaixo: https://www.gov.br/tesouronacional/pt-br/siafi/como-acessar/ambientes-e-instrucoes-de-acesso,The regulations governing access to SIAFI and Tesouro Gerencial are available at the link below: https://www.gov.br/tesouronacional/pt-br/siafi/como-acessar/ambientes-e-instrucoes-de-acesso
"Otras entidades gubernamentales no pueden acceder al SIG de impuestos, si pueden hacerlo al sistema de información individual de los contribuyentes. Son casos limitados, especialmente autorizados y en estos si hay métricas.","Other government entities cannot access the Tax MIS, but they can access the individual taxpayer information system. These are limited, specially authorized cases, and metrics do exist for these."
Otros Ministerios son también usuarios continuos del sistema de información.,Other Ministries are also continuous users of the information system.
"Para contar con acceso a los Sistemas, existe un usuario Prensa, donde se puede consultar información, sin embargo personal de las diferentes entidades del sector público cuentan con usuarios específicos y funciones de acuerdo a su que hacer y funciones.","To have access to the Systems, there is a Press user, through which information can be consulted; however, staff from the different public-sector entities have specific user accounts and functions according to their duties and roles."
"Para elaborar los diversos análisis de datos, el Ministerio de Finanzas Públicas, cuenta con una estructura organizacional que permite contar con las diferentes Vicedespachos y Direcciones especializadas en los diversos temas que conlleva la administración financiera; por lo que, no es una unidad especializada o centralizada, sino que son diferentes departamentos los que generan los análisis financieros.     El análisis de datos o productos de análisis se colocan en el sitio web del Ministerio de Finanzas Públicas, identificados por el tema central, por ejemplo los temas presupuestarios tienen un apartado específico.","To carry out the various data analyses, the Ministry of Public Finance has an organizational structure that includes different Vice-Ministries and Directorates specialized in the various topics involved in financial administration; therefore, it is not a specialized or centralized unit, but rather different departments that generate the financial analyses. Data analysis or analysis products are posted on the Ministry of Public Finance's website, organized by central topic; for example, budget topics have a specific section."
"Para este año 2024 se ha dispuesto presupuesto de la DTIC para apoyarse en servicios de analítica que permita mejorar el conocimiento y experiencia en este campo, así como la implementación de nuevas soluciones.","For this year 2024, DTIC has allocated budget to draw on analytics services to improve knowledge and experience in this field, as well as to implement new solutions."
Periódicamente durante el año se realizan reuniones para vigilar los avances trimestrales de las diferentes gestiones que tiene cada dirección para cumplir con las políticas establecidas.,Meetings are held periodically throughout the year to monitor quarterly progress of the different tasks each directorate has to comply with the established policies.
Permission must be sought by Head of Department before access is granted.  Only then would username and password be granted.,Permission must be sought by Head of Department before access is granted.  Only then would username and password be granted.
Plan estetrategico institucional 2018 - 2022,Institutional Strategic Plan 2018-2022
"Please note that analytic products are not widely used by the HRMIS. Mostly, we have used sql and Microsoft Excel to retrieve and analyze data. Recently we have acquired power BI but is yet to use it to its full capacity.","Please note that analytic products are not widely used by the HRMIS. Mostly, we have used sql and Microsoft Excel to retrieve and analyze data. Recently we have acquired power BI but is yet to use it to its full capacity."
"Poner ejemplos de las aplicaciones utilizadas. • En relación con el análisis descriptivo, se puede mencionar la herramienta TIMON, Modelos de Información Multidimensionales y. • En relación con el análisis de diagnóstico se puede considerar el Acelerador de Anomalías, el uso de modelos de información multidimensionales y procesos automáticos de identificación de Omisos y sujetos de riesgo. • Cubos de análisis de datos por ejemplo Datamart Nota: No se indican enlaces, por cuanto corresponden a aplicaciones de uso interno de la organización. Nota. Aun y cuando se ha iniciado con la implementación de modelos de machine learning, se encuentra en una etapa inicial y actualmente hay un enfoque mayor en el diagnóstico de los resultados generados.","Give examples of the applications used. * For descriptive analysis, the TIMON tool and Multidimensional Information Models can be mentioned. * For diagnostic analysis, the Anomaly Accelerator can be considered, along with the use of multidimensional information models and automatic processes for identifying non-filers and risk subjects. * Data-analysis cubes, e.g. Datamart Note: Links are not provided, as these correspond to applications for internal use within the organization. Note: Even though implementation of machine-learning models has begun, it is at an early stage, and there is currently a greater focus on diagnosing the results generated."
"Por ejemplo, en el caso de las estadísticas vitales existe un convenio entre tres instituciones públicas: Servicio de Registro Civil e Identificación, Instituto Nacional de Estadísticas y Ministerio de Salud. En este convenio se definen roles, responsabilidades y funciones en el proceso de producción estadística. Así como el flujo de la información y el proceso de comunicación de las estadísticas oficiales.","For example, in the case of vital statistics there is an agreement among three public institutions: the Civil Registry and Identification Service, the National Institute of Statistics, and the Ministry of Health. This agreement defines roles, responsibilities, and functions in the statistical-production process, as well as the information flow and the process for communicating official statistics."
Portal de Presupuesto Abierto https://presupuestoabierto.gob.cl/ Sitio web institucional DIPRES http://www.dipres.cl,Open Budget Portal https://presupuestoabierto.gob.cl/ DIPRES institutional website http://www.dipres.cl
"Proporciona una visión general de la eficiencia de la gestión tributaria en función de los datos disponibles, lo que ayuda a identificar patrones de comportamiento de la economía, estimar la evasión fiscal, evaluar el impacto de la política fiscal y tomar decisiones informadas. Las estadísticas y análisis principales se pueden encontrar en: https://portal.sat.gob.gt/portal/meta-de-recaudacion-y-cumplimiento/ https://portal.sat.gob.gt/portal/estadisticas-indicadores-tributarios/ https://portal.sat.gob.gt/portal/analisis-estudios-tributarios/ https://portal.sat.gob.gt/portal/estadisticas-tributarias-sat/","It provides an overview of tax-management efficiency based on the available data, which helps identify economic-behavior patterns, estimate tax evasion, assess the impact of fiscal policy, and make informed decisions. The main statistics and analyses can be found at: https://portal.sat.gob.gt/portal/meta-de-recaudacion-y-cumplimiento/ https://portal.sat.gob.gt/portal/estadisticas-indicadores-tributarios/ https://portal.sat.gob.gt/portal/analisis-estudios-tributarios/ https://portal.sat.gob.gt/portal/estadisticas-tributarias-sat/"
"Publicaciones oficiales: https://portal.sat.gob.gt/portal/estadisticas-tributarias-sat/ Comunicados, conferencias y eventos: https://portal.sat.gob.gt/portal/categoria/noticias/ Publicaciones Académicas y Técnicas: https://portal.sat.gob.gt/portal/analisis-estudios-tributarios/ Redes Sociales y Plataformas Digitales: https://www.facebook.com/SATgtRenovada/ https://twitter.com/satgt https://www.instagram.com/satguatemala/ https://www.youtube.com/channel/UC5SZ9JUopefihv7bHlYy0kg","Official publications: https://portal.sat.gob.gt/portal/estadisticas-tributarias-sat/ Announcements, conferences, and events: https://portal.sat.gob.gt/portal/categoria/noticias/ Academic and Technical Publications: https://portal.sat.gob.gt/portal/analisis-estudios-tributarios/ Social Networks and Digital Platforms: https://www.facebook.com/SATgtRenovada/ https://twitter.com/satgt https://www.instagram.com/satguatemala/ https://www.youtube.com/channel/UC5SZ9JUopefihv7bHlYy0kg"
"RAIS has been developed with analytical models enabling TAJ to evaluate the risk at the level of a taxpayer. These analytics models are able to rank and prioritize risk factors using appropriate macroeconomic and statistical analyses according to the tenets of compliance. The models are used to assign overall scores to taxpayers based on the profile, tax history, tax revenue at risk and other relevant information.","RAIS has been developed with analytical models enabling TAJ to evaluate the risk at the level of a taxpayer. These analytics models are able to rank and prioritize risk factors using appropriate macroeconomic and statistical analyses according to the tenets of compliance. The models are used to assign overall scores to taxpayers based on the profile, tax history, tax revenue at risk and other relevant information."
"Redes sociales, página de Minfin, Diario de Centroamérica, entre otros.","Social media, the Minfin website, Diario de Centroamerica, among others."
Regular data cleaning performed annually. Harmonization currently being developed.,Regular data cleaning performed annually. Harmonization currently being developed.
Regular reports and presentations are shared within relevant government departments.,Regular reports and presentations are shared within relevant government departments.
Rendición de cuentas: https://www.gub.uy/direccion-general-impositiva/sites/direccion-general-impositiva/files/2023-12/Gasto%2Btributario%2BRR%2BCC%2B2014-2017%20%281%29.pdf Principales informes y estadísticas: https://www.gub.uy/direccion-general-impositiva/datos-y-estadisticas/estadisticas Instructivos para formularios: https://www.gub.uy/direccion-general-impositiva/tematica/guias-formularios Guías audiovisuales de como llenar formularios de impuestos: https://www.youtube.com/watch?v=O12KKA0LXEU&t=5s https://www.youtube.com/watch?v=swRc2tPYE3s&t=21s https://www.youtube.com/watch?v=rnCLLMGEf2s,Accountability report: https://www.gub.uy/direccion-general-impositiva/sites/direccion-general-impositiva/files/2023-12/Gasto%2Btributario%2BRR%2BCC%2B2014-2017%20%281%29.pdf Main reports and statistics: https://www.gub.uy/direccion-general-impositiva/datos-y-estadisticas/estadisticas Instructions for forms: https://www.gub.uy/direccion-general-impositiva/tematica/guias-formularios Audiovisual guides on how to fill out tax forms: https://www.youtube.com/watch?v=O12KKA0LXEU&t=5s https://www.youtube.com/watch?v=swRc2tPYE3s&t=21s https://www.youtube.com/watch?v=rnCLLMGEf2s
Revisiones periódicas de datos para los tableros que se publican,Periodic data reviews for the published dashboards
SIGPRET Plataforma de transparencia,SIGPRET Transparency Platform
SOCE: https://www.compraspublicas.gob.ec/ProcesoContratacion/compras/ Contrataciones Abiertas Ecuador:  https://datosabiertos.compraspublicas.gob.ec/PLATAFORMA Contratación Pública en Cifras: https://portal.compraspublicas.gob.ec/sercop/contratacion-publica-en-cifras-2/,SOCE: https://www.compraspublicas.gob.ec/ProcesoContratacion/compras/ Open Contracting Ecuador:  https://datosabiertos.compraspublicas.gob.ec/PLATAFORMA Public Procurement in Figures: https://portal.compraspublicas.gob.ec/sercop/contratacion-publica-en-cifras-2/
"SOCE: https://www.compraspublicas.gob.ec/ProcesoContratacion/compras/ Contrataciones Abiertas Ecuador:  https://datosabiertos.compraspublicas.gob.ec/PLATAFORMA Contratación Pública en Cifras: https://portal.compraspublicas.gob.ec/sercop/contratacion-publica-en-cifras-2/ La respuesta es parcialmente digitalizado, porque aún se utlizan domentos en word, pdf, imagen, excel, csv, etc","SOCE: https://www.compraspublicas.gob.ec/ProcesoContratacion/compras/ Open Contracting Ecuador:  https://datosabiertos.compraspublicas.gob.ec/PLATAFORMA Public Procurement in Figures: https://portal.compraspublicas.gob.ec/sercop/contratacion-publica-en-cifras-2/ The answer is 'partially digitized', because Word, PDF, image, Excel, CSV documents, etc. are still used"
"Scoring, perfilamiento, gestión de riesgos, inteligencia de negocios","Scoring, profiling, risk management, business intelligence"
Se aclara que respecto a la respuesta 6 se considera las impugnaciones registradas por las entidades en el SICOES,"It should be clarified that for answer 6, the appeals recorded by entities in SICOES are considered"
Se aplica el Modelo de Producción Estadística del Sistema Estadístico Nacional con rectoría del Instituto Nacional de Estadística y Censos (INEC).,"The Statistical Production Model of the National Statistical System, led by the National Institute of Statistics and Censuses (INEC), is applied."
Se aplican metodologías de concordancia y consistencia para el control de calidad de los datos.,Consistency and reconciliation methodologies are applied for data-quality control.
"Se colabora a requerimineto, pero no como parte de una estrategia.","Collaboration happens on request, but not as part of a strategy."
Se colabora con otras entidades pero no existe una estrategia formalmente definida.,"There is collaboration with other entities, but there is no formally defined strategy."
Se cuenta con diferentes modulos: SIMEGPR SIIS SINAR Sistema de Alerta Respuesta. Sub Sistema de Vigilancia de Mortalidad Materna. Sub Sistema de Vigilancia de Mortalidad Infantil. SISLOC. Modulo de VIH. SINOVAC. SIVAC. SALMI y otros mas,"There are different modules: SIMEGPR, SIIS, SINAR Response Alert System, Maternal Mortality Surveillance Subsystem, Infant Mortality Surveillance Subsystem, SISLOC, HIV Module, SINOVAC, SIVAC, SALMI, and others"
"Se cuenta con el Centro de Capacitación y Desarrollo (CECADES), de la Dirección General de Servicio Civil, es el órgano central del Subsistema de Capacitación y Desarrollo del Régimen de Servicio Civil. https://www.dgsc.go.cr/areas_cecades.html https://campus.dgsc.go.cr/","There is the Training and Development Center (CECADES), of the General Directorate of Civil Service, which is the central body of the Civil Service Regime's Training and Development Subsystem. https://www.dgsc.go.cr/areas_cecades.html https://campus.dgsc.go.cr/"
Se cuentan con 8 Manuales en el Sistema de Administración de Recursos Humanos -SARH- que respaldan los 8 Módulos que integran el Sistema Informático de Administración de Recursos Humanos -SIARH- e instructivos de uso para cada una de las aplicaciones existentes,"There are 8 Manuals in the Human Resources Administration System (SARH) supporting the 8 Modules that make up the Human Resources Administration Information System (SIARH), plus usage instructions for each of the existing applications"
"Se debe considerar que cada usuario de información educación tienen diferentes fines, necesidades y objetivos, por ejemplo, algunos usan los datos para asignar beneficios y políticas, y otros para estadística netamente.","It should be considered that each education-information user has different purposes, needs, and objectives; for example, some use the data to allocate benefits and policies, while others use it purely for statistics."
Se denomina SIAFSP y no se encuentra en su totalidad en versión Web,It is called SIAFSP and is not entirely available in a web version
"Se difunde información de los análisis realizados por medio de los sitios web oficiales del Ministerio de Salud y Caja Costarricense del Seguro Social a la ciudadanía; otros temas masivos de comunicación se manejan por medio de correos electrónicos institucionales, todo lo indicado según los planes de comunicación institucionales.","Information on the analyses carried out is disseminated to citizens through the official websites of the Ministry of Health and the Costa Rican Social Security Fund; other mass-communication topics are handled through institutional emails, all in accordance with institutional communication plans."
"Se establecen convenios de transferencia de información con el objetivo de desarrollar investigación con propósito de salud pública. Actualmente hay convenios vigentes con el Centro de Prevención y Control de Cáncer, Universidades (Universidad de Chile, Universidad Mayor, Universidad de la Frontera), instituciones públicas (Superintendencia de Seguridad Social, Ministerio de Educación, entre otras).","Information-sharing agreements are established with the aim of developing research for public-health purposes. There are currently active agreements with the Cancer Prevention and Control Center, universities (Universidad de Chile, Universidad Mayor, Universidad de la Frontera), and public institutions (Superintendency of Social Security, Ministry of Education, among others)."
"Se está trabajando en una nueva versión del observatorio de contrataciones públicas “PanamacompraenCifras” el cual contará con 3 tipos de tableros de analítica de datos (procesos de contratación, adjudicaciones y OCDS) además de un sistema de banderas rojas.","A new version of the public-procurement observatory 'PanamacompraenCifras' is being developed, which will include 3 types of data-analytics dashboards (contracting processes, awards, and OCDS) as well as a red-flags system."
"Se están realizando esfuerzas para incorporar modelos predictivos en Salud, se realizan esfuerzos de parte de la Caja Costarricense del Seguro Social en el desarrollo de modelos predictivos para diabetes mellitus e  infarto. A pesar de que el modelo predictitvo no esta incorporado en los procesos actuales, desde Salud los profesionales realizan esfuerzos específicos y se cuenta con la capacidad profesional para realizarlos, sin embargo, el principal problema es no contar con sistemas que permitan generar dichos modelos.","Efforts are being made to incorporate predictive models in Health; the Costa Rican Social Security Fund is working on developing predictive models for diabetes mellitus and heart attacks. Although the predictive model is not yet incorporated into current processes, health professionals are making specific efforts and there is the professional capacity to carry them out; however, the main problem is the lack of systems that allow such models to be generated."
Se ha formalizado en la nueva institucionalidad fiscal el aporte de un Consejo Fiscal Asesor y un Comité de Expertos.  https://www.gub.uy/ministerio-economia-finanzas/politicas-y-gestion/institucionalidad-fiscal,The new fiscal institutional framework has formalized the contribution of a Fiscal Advisory Council and a Committee of Experts.  https://www.gub.uy/ministerio-economia-finanzas/politicas-y-gestion/institucionalidad-fiscal
"Se procura realizar una depuración y actualización de la contenida en nuestros sistemas, y fuentes de información, con el fn de mantener la integridad de esta.","Efforts are made to clean and update the content of our systems and information sources, in order to maintain its integrity."
Se realiza a través de publicación de noticias en el sitio web de la Agencia:   https://www.gub.uy/agencia-reguladora-compras-estatales/ o con comunicación masiva a nuestras bases de contactos.,This is done through news publications on the Agency's website:  https://www.gub.uy/agencia-reguladora-compras-estatales/ or through mass communication to our contact lists.
"Se realizan convenios de colaboración para acceder a los datos educativos, por lo que se formalizan los canales y mecanismos.","Collaboration agreements are made to access education data, formalizing the channels and mechanisms."
Se realizan convenios de colaboración y de interoperación con diferentes actores del sistema. Desde universidades hasta establecimientos escolares. Contamos con plataforma de datos abiertos para que cualquier persona pueda utilizar la data educativa.,"Collaboration and interoperability agreements are made with different actors in the system, from universities to school facilities. We have an open data platform so that anyone can use the education data."
"Se realizan procesos regulares de revisión de calidad de datos que están documentados en normas técnicas. Por ejemplo, este documento describe el proceso de defunciones (https://repositoriodeis.minsal.cl/ContenidoSitioWeb2020/EstandaresNormativa/2023-10-19%20Res.%20Exenta%20N%C2%B01380%20Aprueba%20Proceso%20de%20Generaci%C3%B3n%20y%20Publicaci%C3%B3n%20de%20Informaci%C3%B3n%20de%20Defunciones%20_2517585.pdf)","Regular data-quality review processes are carried out, documented in technical standards. For example, this document describes the death-registration process (https://repositoriodeis.minsal.cl/ContenidoSitioWeb2020/EstandaresNormativa/2023-10-19%20Res.%20Exenta%20N%C2%B01380%20Aprueba%20Proceso%20de%20Generaci%C3%B3n%20y%20Publicaci%C3%B3n%20de%20Informaci%C3%B3n%20de%20Defunciones%20_2517585.pdf)"
Se tiene prevista una línea de evaluación y monitoreo para la identificación y gestión de riesgos vinculados a la calidad de la información.,There is a planned line of evaluation and monitoring for identifying and managing risks related to information quality.
"Sección  Evaluación y Transparencia Fiscal, Sitio Web institucional DIPRES http://www.dipres.cl/598/w3-propertyvalue-2131.html","Fiscal Evaluation and Transparency Section, DIPRES institutional website http://www.dipres.cl/598/w3-propertyvalue-2131.html"
"Si bien consideramos que cubrimos los 6 puntos mencionados en el q16, cabe aclarar que los mismos los podemos encontrar en diferentes sistemas.","While we believe we cover the 6 points mentioned in q16, it should be clarified that they can be found across different systems."
"Si bien dichos controles existen, es necesario realizar una revisión de los mismos a fin de garantizar la calidad del dato.","Although these controls exist, they need to be reviewed in order to guarantee data quality."
"Si bien la labor estadística es principalmente descriptiva, también se han realizado análisis de diagnóstico y análisis predictivos. Es importante mencionar que la información producida es utilizada por otros departamentos para generar diagnósticos y modelos predictivos. Un ejemplo de diagnósticos son los informes de mortalidad, incidencia y sobrevida del cáncer (http://epi.minsal.cl/mortalidad-incidencia-y-sobrevida-de-cancer/). Un ejemplo de análisis predictivo es el siguiente: predicción Campaña de invierno ISCI 16-05-2023.pdf","While statistical work is mainly descriptive, diagnostic and predictive analyses have also been carried out. It's worth mentioning that the information produced is used by other departments to generate diagnostics and predictive models. An example of diagnostics is the cancer mortality, incidence, and survival reports (http://epi.minsal.cl/mortalidad-incidencia-y-sobrevida-de-cancer/). An example of predictive analysis is the following: Winter Campaign prediction ISCI 16-05-2023.pdf"
Si bien no está limitada la posibilidad la necesidad hace que sean priorizados otros temas.,"While the possibility is not limited, need drives other topics to be prioritized."
Si bien no existen procesos de data cleansing si se trabaja en la mejora de los datos y su calidad mediante validaciones al ingreso y solicitudes de corrección.,"While there are no data-cleansing processes as such, work is done to improve data and its quality through input validations and correction requests."
"Si el proyecto cumple con las necesidades que se requieren solucionar en cualquier área del Minsa. Se gestiona con la Dirección de Finanzas el presupuesto o dependiendo de que Dirección de salud sea, puede que cuente con su propio presupuesto para financiar dicho proyecto siempre y cuando se cumpla con todos los requisitos.","If the project meets the needs required to be solved in any area of Minsa. The budget is managed with the Finance Directorate, or depending on which Health Directorate is involved, it may have its own budget to fund the project, as long as all requirements are met."
Sim. Algumas das iniciativas em andamento são a criação e divulgação de novas trilhas de capacitação e o lançamento de premiação em infraestrutura nacional de dados (IND). Ambas iniciativas têm a análise de dados como um dos eixos contemplados.,Yes. Some of the initiatives underway include the creation and dissemination of new training tracks and the launch of an award for national data infrastructure (IND). Both initiatives include data analysis as one of the areas covered.
Sistema de Información Educativa SIE  *.sie.gob.bo Sistema de Información del SEP SISEP https://sisep.minedu.gob.bo/ Estadísticos y de reporte: https://seie.minedu.gob.bo/ https://reportes.sie.gob.bo/reporteestadistico/,Educational Information System SIE *.sie.gob.bo SEP Information System SISEP https://sisep.minedu.gob.bo/ Statistics and reporting: https://seie.minedu.gob.bo/ https://reportes.sie.gob.bo/reporteestadistico/
Sistema de Información para la Gestión Financiera del Estado - SIGFE https://www.sigfe.gob.cl/,State Financial Management Information System -- SIGFE https://www.sigfe.gob.cl/
Sitio web de una ONG que utiliza los datos de contrataciones públicas:  https://foco.reaccion.org.py/ Sitio web del BID sobre mapa de inversiones por país: https://rindiendocuentas.gov.py/,Website of an NGO that uses public-procurement data:  https://foco.reaccion.org.py/ IDB website on country investment maps: https://rindiendocuentas.gov.py/
Sitios web de las diferentes instituciones,Websites of the different institutions
Skills and talent are available to a limited extent.,Skills and talent are available to a limited extent.
"Sobre los puntos 4 y 5, están incluidos en distintos componentes, sin embargo, no están consolidados en un sistema que recopile ina información. Sistemas del Ministerio de Salud:  https://www.ministeriodesalud.go.cr/digital  Por parte de la Caja Costarricense del Seguro Social se cuenta con un Dashboard para cumplir con los rubros indicados en este apartado: (se adjunta imagen)","Regarding points 4 and 5, they are included across different components; however, they are not consolidated into a single system that gathers the information. Ministry of Health systems:  https://www.ministeriodesalud.go.cr/digital  The Costa Rican Social Security Fund has a Dashboard to meet the items indicated in this section (image attached)"
Solo con algunas instituciones,Only with some institutions
Son coordinaciones ad-doc,They are ad hoc coordination efforts
Son iniciativas ad-doc,They are ad hoc initiatives
"Tanto el BCRP como MEF preparan estadísticas fiscales que toman sus datos de la consulta amigable. Asimismo, se presentan informes de ejecución presupuestal periódicamente y se prepara la Cuenta General de la República una vez al año.","Both the BCRP and MEF prepare fiscal statistics using data from the friendly query tool. Budget-execution reports are also presented periodically, and the General Account of the Republic is prepared once a year."
Tax Administration Jamaica (TAJ) successfully implemented the three phases of its new Revenue Administration Information System (RAIS) in September 2016. This substantial investment is a customized Internet-based solution built with sophisticated risk models in keeping with international best practices. This includes the reengineering of work flow management and changing core business processes using the application of modern techniques in TAJ’s operation.,Tax Administration Jamaica (TAJ) successfully implemented the three phases of its new Revenue Administration Information System (RAIS) in September 2016. This substantial investment is a customized Internet-based solution built with sophisticated risk models in keeping with international best practices. This includes the reengineering of work flow management and changing core business processes using the application of modern techniques in TAJ's operation.
The Digital Health legal Framework is currently in drafting phase.,The Digital Health legal Framework is currently in drafting phase.
"The Dominica EMIS (Education Management Information System) is a tool used to collect, analyze, and report educational data in Dominica. It's designed to support decision-makers in the education sector by providing them with timely and accurate information about schools, students, teachers, and educational resources. The system is likely used for a variety of purposes, such as planning, policy formulation, monitoring educational programs, and ensuring the efficient allocation of resources. EMIS systems are commonly used worldwide to improve the management and effectiveness of educational systems.","The Dominica EMIS (Education Management Information System) is a tool used to collect, analyze, and report educational data in Dominica. It's designed to support decision-makers in the education sector by providing them with timely and accurate information about schools, students, teachers, and educational resources. The system is likely used for a variety of purposes, such as planning, policy formulation, monitoring educational programs, and ensuring the efficient allocation of resources. EMIS systems are commonly used worldwide to improve the management and effectiveness of educational systems."
"The Dominica EMIS, while potentially capable of handling a broad range of educational management functions, appears to be primarily focused on reporting student performance. This limitation means that while the system could be used for comprehensive educational management tasks like resource allocation, curriculum development, teacher training, and policy analysis, it is mainly utilized to track and report on student academic outcomes. Expanding its functionality could enable a more holistic approach to educational management, allowing for data-driven decisions in various aspects of the education sector.","The Dominica EMIS, while potentially capable of handling a broad range of educational management functions, appears to be primarily focused on reporting student performance. This limitation means that while the system could be used for comprehensive educational management tasks like resource allocation, curriculum development, teacher training, and policy analysis, it is mainly utilized to track and report on student academic outcomes. Expanding its functionality could enable a more holistic approach to educational management, allowing for data-driven decisions in various aspects of the education sector."
"The Education Statistics Digest is disseminated via email to Heads of Divisions/Units within the MoE, to school principals, on the MoE website and the Central Statistical Office. Information on teacher attendance and student attendance, infractions, transport and meals are collated for the executive on a weekly basis. Examinations data is collated and analysed annually for the Cabinet and included in annual reports. Specific requests are responded to via email and other formal written communication channels. https://www.moe.gov.tt/2019-2020-education-statistics-digest-4/","The Education Statistics Digest is disseminated via email to Heads of Divisions/Units within the MoE, to school principals, on the MoE website and the Central Statistical Office. Information on teacher attendance and student attendance, infractions, transport and meals are collated for the executive on a weekly basis. Examinations data is collated and analysed annually for the Cabinet and included in annual reports. Specific requests are responded to via email and other formal written communication channels. https://www.moe.gov.tt/2019-2020-education-statistics-digest-4/"
The Educational Planning Division records data requests and responses,The Educational Planning Division records data requests and responses
The Gentax Integrated Tax Processing System (ITPS) is utilized to a limited extent to determine tax payable based on previous periods.,The Gentax Integrated Tax Processing System (ITPS) is utilized to a limited extent to determine tax payable based on previous periods.
The HMIS is made up of multiple disparate information systems and manual processes to support activities.,The HMIS is made up of multiple disparate information systems and manual processes to support activities.
"The HRMIS is developed using the Smartstream software , which also function for other activities in the Public Service such as payroll, Budget, payables, etc. Therefore, it is an integrated system.","The HRMIS is developed using the Smartstream software , which also function for other activities in the Public Service such as payroll, Budget, payables, etc. Therefore, it is an integrated system."
"The Ministry of Health does not have a per say Analytic Unit but rather an epidemiology/Statistical unit that does Data management. The epidemiology unit typically handles tasks related to disease surveillance, outbreak investigation, and monitoring of public health indicators. Within this unit, data management plays a crucial role in collecting, storing, cleaning, and organizing health data from various sources.","The Ministry of Health does not have a per say Analytic Unit but rather an epidemiology/Statistical unit that does Data management. The epidemiology unit typically handles tasks related to disease surveillance, outbreak investigation, and monitoring of public health indicators. Within this unit, data management plays a crucial role in collecting, storing, cleaning, and organizing health data from various sources."
"The Ministry of Health does not have a per say Analytic Unit but rather an epidemiology/Statistical unit that does data management. The epidemiology unit typically handles tasks related to disease surveillance, outbreak investigation, and monitoring of public health indicators. Within this unit, data management plays a crucial role in collecting, storing, cleaning, and organizing health data from various sources.","The Ministry of Health does not have a per say Analytic Unit but rather an epidemiology/Statistical unit that does data management. The epidemiology unit typically handles tasks related to disease surveillance, outbreak investigation, and monitoring of public health indicators. Within this unit, data management plays a crucial role in collecting, storing, cleaning, and organizing health data from various sources."
"The Student Management System (SMS) is a centralized datastore that provides for historical record for students , digital school operations management, a platform for management and tracking of student, teacher and school data and a resource which facilitates data-driven policies. While the web-based SMS is being rolled out, pre-existing data collection, management analysis and reporting systems continue to be simultaneously implemented within the Ministry of Education (MoE). A variety of Divisions/Units within the MoE collect, manage, analyse and report data on the education system of Trinidad and Tobago using partially digitized processes.","The Student Management System (SMS) is a centralized datastore that provides for historical record for students , digital school operations management, a platform for management and tracking of student, teacher and school data and a resource which facilitates data-driven policies. While the web-based SMS is being rolled out, pre-existing data collection, management analysis and reporting systems continue to be simultaneously implemented within the Ministry of Education (MoE). A variety of Divisions/Units within the MoE collect, manage, analyse and report data on the education system of Trinidad and Tobago using partially digitized processes."
"The below link is an internal platform used to host dashboard as it relates to revenue,  registration and tax compliance.   https://app.powerbi.com/groups/d369fb6a The below is an internal platform used to share operational and standardized reports.  http://colel/reports/browse/   Whilst we do some level of Diagnostic or Predictive Analysis, we mainly use excel and formulas. We lack the skillset to further use statistical algorithms and machine learning.","The below link is an internal platform used to host dashboard as it relates to revenue,  registration and tax compliance.   https://app.powerbi.com/groups/d369fb6a The below is an internal platform used to share operational and standardized reports.  http://colel/reports/browse/   Whilst we do some level of Diagnostic or Predictive Analysis, we mainly use excel and formulas. We lack the skillset to further use statistical algorithms and machine learning."
"The job family of Research Officer, Statistician provide a career track.","The job family of Research Officer, Statistician provide a career track."
"There are some initiatives that have been led, the E-Governance Department has led a Data 101 Course: From Data to Decisions Other types of trainings led by other departments are on data mining/data analysis tools such as GIS and microsoft excel.","There are some initiatives that have been led, the E-Governance Department has led a Data 101 Course: From Data to Decisions Other types of trainings led by other departments are on data mining/data analysis tools such as GIS and microsoft excel."
There are some quality control checks and auditing processes that are in place however additional controls are necessary moving forward to ensure optimum quality of data.,There are some quality control checks and auditing processes that are in place however additional controls are necessary moving forward to ensure optimum quality of data.
There are various courses offered by Government training institutions which renders support for data analytics but there are no specific data analytics courses.,There are various courses offered by Government training institutions which renders support for data analytics but there are no specific data analytics courses.
"There are various programmes with a data analytics component that public servants embark on, which support the use of data analytics products but there is no specific training in the use of these products.","There are various programmes with a data analytics component that public servants embark on, which support the use of data analytics products but there is no specific training in the use of these products."
There is a Business Intelligence Unit with responsibility for reporting.,There is a Business Intelligence Unit with responsibility for reporting.
There is a verbal system in place but no formal written system.,There is a verbal system in place but no formal written system.
"Toda la información es utilizada es utilizada con diferentes fines. Y las unidades a cargo depende del objetivo de uso de los datos. Hay áreas regionales centrales, de estadísticas, de políticas públicas, etc.","All information is used for different purposes. The units in charge depend on the objective of the data use. There are central regional areas, statistics areas, public policy areas, etc."
"Todas las Instituciones del país deben ingresar a los datos de contrataciones publicas para efectuar sus compras, por lo tanto ingresan regularmente todos los días a realizar diferentes transacciones.","All institutions in the country must access public-procurement data in order to make their purchases, so they log in regularly every day to carry out different transactions."
"Todas las instituciones del sector público utilizan los Sistemas Integrados de Admnistración Finaciera para registrar los datos presupuestarios, contables, de fideicomisos, de tesoreria y de Crédito Público. Adicionalmente, se utiliza el Sistema Informático de Gestión, por medio del cual las entidades registran todo lo referente a las metas físicas. Asi mismo, estos sistemas cuentan con usuarios genéricos para que las personas puedan ingresar a consultar la información pública y de rendición de cuentas.","All public-sector institutions use the Integrated Financial Administration Systems to record budgetary, accounting, trust-fund, treasury, and Public Credit data. In addition, the Management Information System is used, through which entities record everything related to physical targets. These systems also have generic user accounts so that people can log in to consult public information and accountability data."
"Todas las instituciones del sector público utilizar los Sistemas Integrados de Admnistración Finaciera para registrar los datos presupuestarios, contables, de fideicomisos, de tesoreria y de Crédito Público. Adicionalmente, se utiliza el Sistema Informático de Gestión, por medio del cual las entidades registran todo lo referente a las metas físicas. Asi mismo, estos sistemas cuentan con usuarios genéricos para que las personas puedan ingresar a consultar la información pública y de rendición de cuentas.","All public-sector institutions use the Integrated Financial Administration Systems to record budgetary, accounting, trust-fund, treasury, and Public Credit data. In addition, the Management Information System is used, through which entities record everything related to physical targets. These systems also have generic user accounts so that people can log in to consult public information and accountability data."
Todas las operaciones en el Sistema de Información de la Gestión Financiera del Estado (SIGEF) se realiza de manera electrónica.,All operations in the State Financial Management Information System (SIGEF) are carried out electronically.
Todos los sistemas de Recursos Humanos cuentan con sistema de autenticación que solo permite acceso a usuarios habilitados. Se cuenta también con distintos roles según los permisos de cada usuario dentro del sistema.,All Human Resources systems have an authentication system that only allows access to authorized users. There are also different roles according to each user's permissions within the system.
"Um dos papéis institucionais da Secretaria do Tesouro Nacional é gerenciar o Sistema Integrado de Administração Financeira do Governo Federal (SIAFI), bem como o Tesouro Gerencial.  O uso dos sistemas é descentralizado, porém o órgão presta o devido suporte para seus usuários. A unidade responsável por essa atividade é a Coordenação-Geral de Contabilidade da Secretaria do Tesouro Nacional.","One of the National Treasury Secretariat's institutional roles is to manage the Federal Government's Integrated Financial Administration System (SIAFI), as well as Tesouro Gerencial. Use of the systems is decentralized, but the agency provides the appropriate support to its users. The unit responsible for this activity is the National Treasury Secretariat's General Accounting Coordination Office."
"Whilst there exist some level of systematic data quality controls, improvements are in  progress for new areas identified as possible issues.","Whilst there exist some level of systematic data quality controls, improvements are in  progress for new areas identified as possible issues."
"With respect to medical records,there are protocols at the patient level as well as at the medical practicioner level. At the Ministry level there are also protocols for the data that is developed.  There may be varying systems and associated Protocols","With respect to medical records,there are protocols at the patient level as well as at the medical practicioner level. At the Ministry level there are also protocols for the data that is developed.  There may be varying systems and associated Protocols"
"X (Twitter) DGI PANAMA (@DGIpma) en X twitter.com	  Instagram Dirección General de Ingresos (@dgipma) • Fotos y videos de Instagram instagram.com	  Youtube DGI Panamá youtube.com Página Web Dirección General de Ingresos dgi.mef.gob.pa	  https://sertv.gob.pa/en-directo/ SERTV es un canal de televisión pública de Panamá, operado por el Sistema Estatal de Radio y Televisión.","X (Twitter) DGI PANAMA (@DGIpma) on X twitter.com Instagram General Directorate of Revenue (@dgipma) -- Instagram photos and videos instagram.com Youtube DGI Panama youtube.com General Directorate of Revenue Website dgi.mef.gob.pa https://sertv.gob.pa/en-directo/ SERTV is a Panamanian public television channel, operated by the State Radio and Television System."
"https://datos-abiertos.chilecompra.cl/organismos-compradores  (información de organismos públicos)  https://datos-abiertos.chilecompra.cl/comparador (comparador de instituciones compradoras según distintas variables transaccionales, ej: montos transados , cantidad de órdenes de compra). https://datos-abiertos.chilecompra.cl/informacion-regional/aysen  (información de cifras por región)","https://datos-abiertos.chilecompra.cl/organismos-compradores  (information on public entities)  https://datos-abiertos.chilecompra.cl/comparador (comparison tool for purchasing institutions across different transactional variables, e.g. amounts transacted, number of purchase orders). https://datos-abiertos.chilecompra.cl/informacion-regional/aysen  (figures by region)"
"https://etax2.mef.gob.pa/etax2web/Login.aspx El Sistema Informativo Tributario, e-Tax 2.0: Es el sistema informático tributario que integra mejores prácticas, reglas de negocio y procesos de la DGI para otorgar mayor eficiencia en la operación de la institución, así mismo incorpora y facilita trámites en línea para el contribuyente.","https://etax2.mef.gob.pa/etax2web/Login.aspx The e-Tax 2.0 Tax Information System: is the tax IT system that integrates DGI's best practices, business rules, and processes to provide greater operational efficiency for the institution, and also incorporates and facilitates online procedures for taxpayers."
"• Administración Tributaria Virtual (ATV): Sistema donde en el cual los obligados tributaros realizan la inscripción de sus obligaciones, suministran la información de la ficha del “Registro Único Tributario”, presentan sus declaraciones de autoliquidación y algunas informativas, pueden ordenar el pago de sus obligaciones mediante la plataforma del Sistema de Negociación y Pagos Electrónicos (SINPE-Sistema Nacional de Pagos Electrónicos ) del BCCR - Banco Central de Costa Rica (por medio de un Debito en Tiempo Real), se accede a la herramienta gratuita para la emisión de comprobantes electrónicos y se comunica el cese de sus actividades (des inscripciones) y otras gestiones relacionadas con la Administración Tributaria. https://atv.hacienda.go.cr/ATV/login.aspx • Declara Web: Sistema donde se suben las declaraciones informativas de los obligados tributarios https:/declaraweb.hacienda.go.cr/DECLARAWEB/wfEnviar.aspx • Comprobantes Electrónicos: Funcionalidad donde se validan y reciben los comprobantes electrónicos enviados por los obligados tributarios. https:/www.hacienda.go.cr/docs/N2ComprobantesElectronicos.pdf • Recauda Web: Aplicativo donde las entidades recaudadoras registran los pagos y formularios presentados en papel. https://recaudaweb.hacienda.go.cr/recaudaweb/wfIndex.aspx • Conectividad: Funcionalidad dispuesta a los bancos donde se registran las deudas y se pueden realizar los pagos de los obligados tributarios, desde las plataformas bancarias. TICA (Tecnología de Información para el Control Aduanero): Sistema de gestión de trámites aduaneros tales como: registro de declaraciones aduaneras, registro de tránsitos de mercancías, control de inventarios de almacenes fiscales, entre otros. • AduanaFácil: Sistema encargado del registro de compras e inventarios registrados en el Puerto Libre de Golfito. • Exonet: Sistema encargado del registro y control de las exoneraciones de impuestos. https://exenciones.hacienda.go.cr/exenciones/exinicio.aspx","* Virtual Tax Administration (ATV): System where taxpayers register their obligations, provide information for the 'Unified Tax Registry' record, file self-assessment returns and some informative returns, can order payment of their obligations through the Electronic Negotiation and Payments System (SINPE - National Electronic Payments System) of the BCCR (Central Bank of Costa Rica) (via a Real-Time Debit), access the free tool for issuing electronic vouchers, and report the cessation of their activities (deregistration) and other Tax-Administration-related procedures. https://atv.hacienda.go.cr/ATV/login.aspx * Declara Web: System where taxpayers upload informative returns https://declaraweb.hacienda.go.cr/DECLARAWEB/wfEnviar.aspx * Electronic Vouchers: Functionality where electronic vouchers sent by taxpayers are validated and received. https://www.hacienda.go.cr/docs/N2ComprobantesElectronicos.pdf * Recauda Web: Application where collecting entities record payments and forms submitted on paper. https://recaudaweb.hacienda.go.cr/recaudaweb/wfIndex.aspx * Connectivity: Functionality provided to banks, where taxpayer debts are recorded and payments can be made from banking platforms. TICA (Information Technology for Customs Control): Customs-procedure management system, such as: registration of customs declarations, registration of goods in transit, inventory control of bonded warehouses, among others. * AduanaFacil: System responsible for registering purchases and inventories recorded at the Golfito Free Port. * Exonet: System responsible for registering and controlling tax exemptions. https://exenciones.hacienda.go.cr/exenciones/exinicio.aspx"
"• Vistas de información de declaraciones auto liquidativas y pagos, las cuales son usadas para identificación de riesgos y generación de cifras fiscales. • Procesos automáticos de identificación de Omisos y procesos automáticos de identificación de sujetos de riesgos, según condiciones definidas. • Disposición de Reportes, infográficos y vistas para el análisis de datos, como apoyo a procesos de fiscalización y la toma de decisiones. • Modelos de información multidimensionales, que permiten el análisis y cruces de datos, para la toma de decisiones. • Planes anuales operativos en la intranet en el SNA • Reportes en la WEB sobre cifras fiscales periódicas. Nota: No se indican enlaces, por cuanto corresponden a aplicaciones de uso interno de la organización.","* Views of self-assessment return and payment information, used for risk identification and generating fiscal figures. * Automatic processes for identifying non-filers and automatic processes for identifying risk subjects, according to defined conditions. * Availability of reports, infographics, and views for data analysis, supporting audit processes and decision-making. * Multidimensional information models, allowing data analysis and cross-referencing to support decision-making. * Annual operating plans on the SNA intranet * Web reports on periodic fiscal figures. Note: Links are not provided, as these correspond to applications for internal use within the organization."
"•	Ley Orgánica de Transparencia y Acceso a la Información Pública – LOTAIP.  •	El Servicio de Rentas Internas cuenta con un Sistema de Gestión de Seguridad de la Información – SGSI que está constituido por un conjunto de Políticas, Prácticas, Procedimientos, para la gestión de la seguridad de la información (confidencialidad, integridad, disponibilidad), basado en riesgos: riesgos de seguridad de la información, riesgos de seguridad informática, riesgos tecnológicos o de TI, y riesgos de seguridad física.","* Organic Law on Transparency and Access to Public Information -- LOTAIP. * The Internal Revenue Service has an Information Security Management System (ISMS) made up of a set of policies, practices, and procedures for managing information security (confidentiality, integrity, availability), based on risk: information-security risks, IT-security risks, technological or IT risks, and physical-security risks."
https://portal.mspbs.gov.py/digies/ https://dgvs.mspbs.gov.py/ También se cuenta con un observatorio de RRHH donde se cuenta con información de cobertura y distribución de RRHH en el siguiente enlace  https://paraguay.observatoriorh.org/ https://pai.mspbs.gov.py/programa-regular-2/  https://dgvs.mspbs.gov.py/wp-content/uploads/2023/08/Informe-CARGA-de-la-enfermedad-publicacion-DGVS.pdf https://dgvs.mspbs.gov.py/encuesta-nacional-factores-de-riesgo/ https://sistemasdgvs.mspbs.gov.py/webdgvs/page/#vista_tablero_exceso_mortalidad_covid19.html https://dgvs.mspbs.gov.py/mapa-de-riesgo-covid-19/ http://epymodel.uaa.edu.py/ https://www.mdpi.com/2076-3417/11/20/9726,"https://portal.mspbs.gov.py/digies/ https://dgvs.mspbs.gov.py/ There is also an HR observatory with information on HR coverage and distribution, at the following link https://paraguay.observatoriorh.org/ https://pai.mspbs.gov.py/programa-regular-2/ https://dgvs.mspbs.gov.py/wp-content/uploads/2023/08/Informe-CARGA-de-la-enfermedad-publicacion-DGVS.pdf https://dgvs.mspbs.gov.py/encuesta-nacional-factores-de-riesgo/ https://sistemasdgvs.mspbs.gov.py/webdgvs/page/#vista_tablero_exceso_mortalidad_covid19.html https://dgvs.mspbs.gov.py/mapa-de-riesgo-covid-19/ http://epymodel.uaa.edu.py/ https://www.mdpi.com/2076-3417/11/20/9726"
https://portal.mspbs.gov.py/digies/ https://dgvs.mspbs.gov.py/ También se cuenta con un observatorio de RRHH donde se cuenta con información de cobertura y distribución de RRHH en el siguiente enlace  https://paraguay.observatoriorh.org/ También proporcionamos información al INE para actualizar los datos de los ODS en el siguiente enlace:  https://ods.ine.gov.py/ https://pai.mspbs.gov.py/programa-regular-2/  https://dgvs.mspbs.gov.py/,"https://portal.mspbs.gov.py/digies/ https://dgvs.mspbs.gov.py/ There is also an HR observatory with information on HR coverage and distribution, at the following link https://paraguay.observatoriorh.org/ We also provide information to INE to update SDG data at the following link: https://ods.ine.gov.py/ https://pai.mspbs.gov.py/programa-regular-2/ https://dgvs.mspbs.gov.py/"
"https://srienlinea.sri.gob.ec/sri-en-linea/inicio/NAT  (página web donde indica los servicios en línea ofrecidos a la ciudadanía) https://www.sri.gob.ec/estadisticas-generales-de-recaudacion-sri  (página web donde indica principales resultados obtenidos de recaudación de tributos administrados por el SRI)  https://www.sri.gob.ec/historico-estadisticas-generales-de-recaudacion  (página web donde indica un histórico anual de estadísticas generales de recaudación) https://srienlinea.sri.gob.ec/saiku-ui/  (visor analítico para cubos de  información) https://www.sri.gob.ec/datos-abiertos  (página web con datos digitales disponibles con las características técnicas y jurídicas necesarias para que puedan ser usados, reutilizados y redistribuidos libremente por cualquier persona","https://srienlinea.sri.gob.ec/sri-en-linea/inicio/NAT (web page indicating the online services offered to citizens) https://www.sri.gob.ec/estadisticas-generales-de-recaudacion-sri (web page showing the main results of tax collection administered by the SRI) https://www.sri.gob.ec/historico-estadisticas-generales-de-recaudacion (web page showing an annual historical record of general collection statistics) https://srienlinea.sri.gob.ec/saiku-ui/ (analytical viewer for information cubes) https://www.sri.gob.ec/datos-abiertos (web page with digital data available with the technical and legal characteristics needed for it to be used, reused, and freely redistributed by anyone"
https://sso.minfin.gob.gt/Portal/Default/Credenciales/Login?ReturnUrl=%2f Acuerdo Gubernativo número 297-2015 del Presidente de la República de Guatemala https://www.onsec.gob.gt/w1/index.php/acuerdos-gubernativos-2014-2015/,https://sso.minfin.gob.gt/Portal/Default/Credenciales/Login?ReturnUrl=%2f Government Agreement No. 297-2015 of the President of the Republic of Guatemala https://www.onsec.gob.gt/w1/index.php/acuerdos-gubernativos-2014-2015/
https://web.mspas.gob.gt/swhospitales sigsaweb. La información es cargada al sistema por personal del área de Registros Médicos. El área responsable es Registros Médicos,https://web.mspas.gob.gt/swhospitales sigsaweb. The information is loaded into the system by staff from the Medical Records area. The responsible area is Medical Records
"https://www.guatecompras.gt El Sistema Guatecompras está diseñado para presentar información de la entidad compradora, en sus diferentes fases desde la convocatoria en la que se solicita la presentación de ofertas en forma electrónica, hasta la aprobación del contrato.","https://www.guatecompras.gt The Guatecompras System is designed to present information on the purchasing entity, across its different phases, from the call for bids requesting electronic submission of offers, through to contract approval."
"https://www.guatecompras.gt El Sistema Guatecompras, dependiendo la fase en que se encuentre permite el registro de formularios electrónicos, así como también la publicación de documentos en formato .pdf, word, etc.","https://www.guatecompras.gt The Guatecompras System, depending on the phase it is in, allows registration of electronic forms, as well as publication of documents in PDF, Word, etc. formats."
"https://www.guatecompras.gt/contrato/consultaproductos.aspx El Sistema Guatecompras en la modalidad de Contrato Abierto, tiene un registro de precios de los insumos adjudicados que se usa para analizar precios.","https://www.guatecompras.gt/contrato/consultaproductos.aspx The Guatecompras System, in the Open Contract mode, keeps a record of prices for awarded supplies, used to analyze prices."
https://www.guatecompras.gt/info/consultaDocumentosEstadisticos.aspx https://www.guatecompras.gt/concursos/consultaConAvanz.aspx El Sistema Guatecompras es de consulta pública y dispone diversos reportes con información estadística que son utilizados por las distintas instituciones con los cuales pueden realizar seguimiento a los procesos de adquisición.,https://www.guatecompras.gt/info/consultaDocumentosEstadisticos.aspx https://www.guatecompras.gt/concursos/consultaConAvanz.aspx The Guatecompras System is publicly accessible and provides various reports with statistical information used by different institutions to monitor procurement processes.
"https://www.observatoriocomprapublica.go.cr/modelo1 mls/ https://www.observatoriocomprapublica.go.cr/modelo2 mls/ https://www.observatoriocomprapublica.go.cr/modelo5 mls/ Se cuenta con potencialidad para análisis de diagnóstico, porque hay tablas que permiten inferir causas. El Observatorio de Compra Pública cuenta con 6 modelos predictivos, 3 públicos y 3 solo para uso interno de la Dirección de Contratación Pública, pero aún se está trabajando para su uso.","https://www.observatoriocomprapublica.go.cr/modelo1 mls/ https://www.observatoriocomprapublica.go.cr/modelo2 mls/ https://www.observatoriocomprapublica.go.cr/modelo5 mls/ There is potential for diagnostic analysis, because there are tables that allow causes to be inferred. The Public Procurement Observatory has 6 predictive models, 3 public and 3 for internal use only by the Directorate of Public Procurement, but work is still underway on their use."
"https://www.sefin.gob.hn/administracion-financiera-siafi/ https://www.sefin.gob.hn/registro-publico-sirep/ https://sniph.sefin.gob.hn/presentacionSISPU/Login/ https://www.sefin.gob.hn/sami/ https://www.sefin.gob.hn/exoneraciones-y-franquicias-pameh/ SIAFI, PAMEH, SAMI y SIREP se encuentran totalmente digitalizados SNIPH y SIGADE parcialmente digitalizado No existe módulo de inventarios. La Dirección General de Política Tributaria, como dependencia encargada de elaborar los lineamientos en materia tributaria y aduanera de la Secretaría de Finanzas, enmarca las principales funciones en: 1) La emisión de normativa tales como: Acuerdos, Reglamentos, Opiniones; 2) Cuantificación del Gasto Tributario de cada año; 3) Cálculo de Metas Presupuestarias para las Administraciones Tributarias y Aduaneras https://www.sefin.gob.hn/manuales-de-usuarios https://www.sefin.gob.hn/manuales-conceptuales https://www.sefin.gob.hn/exoneraciones-y-franquicias-pameh/#799b2b9fa4ec2c07e https://www.sefin.gob.hn/sami/#6990e3d142a87cdda https://www.sefin.gob.hn/registro-publico-sirep/#9ccff72254386c586","https://www.sefin.gob.hn/administracion-financiera-siafi/ https://www.sefin.gob.hn/registro-publico-sirep/ https://sniph.sefin.gob.hn/presentacionSISPU/Login/ https://www.sefin.gob.hn/sami/ https://www.sefin.gob.hn/exoneraciones-y-franquicias-pameh/ SIAFI, PAMEH, SAMI, and SIREP are fully digitized. SNIPH and SIGADE are partially digitized. There is no inventory module. The General Directorate of Tax Policy, as the unit responsible for developing tax and customs guidelines for the Ministry of Finance, focuses its main functions on: 1) Issuing regulations such as: Agreements, Regulations, Opinions; 2) Quantifying Tax Expenditure each year; 3) Calculating Budget Targets for Tax and Customs Administrations https://www.sefin.gob.hn/manuales-de-usuarios https://www.sefin.gob.hn/manuales-conceptuales https://www.sefin.gob.hn/exoneraciones-y-franquicias-pameh/#799b2b9fa4ec2c07e https://www.sefin.gob.hn/sami/#6990e3d142a87cdda https://www.sefin.gob.hn/registro-publico-sirep/#9ccff72254386c586"
https://www.sri.gob.ec/estadisticas-generales-de-recaudacion-sri  (página web donde indica principales resultados obtenidos de recaudación de tributos administrados por el SRI),https://www.sri.gob.ec/estadisticas-generales-de-recaudacion-sri (web page showing the main results of tax collection administered by the SRI)
"https://www.sri.gob.ec/estadisticas-generales-de-recaudacion-sri  (página web donde indica principales resultados obtenidos de recaudación de tributos administrados por el SRI)  https://www.sri.gob.ec/historico-estadisticas-generales-de-recaudacion  (página web donde indica un histórico anual de estadísticas generales de recaudación) https://srienlinea.sri.gob.ec/saiku-ui/  (visor analítico para cubos de  información) https://www.sri.gob.ec/datos-abiertos (página web con datos digitales disponibles con las características técnicas y jurídicas necesarias para que puedan ser usados, reutilizados y redistribuidos libremente por cualquier persona","https://www.sri.gob.ec/estadisticas-generales-de-recaudacion-sri (web page showing the main results of tax collection administered by the SRI) https://www.sri.gob.ec/historico-estadisticas-generales-de-recaudacion (web page showing an annual historical record of general collection statistics) https://srienlinea.sri.gob.ec/saiku-ui/ (analytical viewer for information cubes) https://www.sri.gob.ec/datos-abiertos (web page with digital data available with the technical and legal characteristics needed for it to be used, reused, and freely redistributed by anyone"
particularly with non-profit organizations,particularly with non-profit organizations
sistemas.aduanas.gob.hn,sistemas.aduanas.gob.hn
"the Digital Skills Development Programme of the Ministry of Digital Transformation (MDT) is intended to bolster national digital literacy and meet the evolving demands of industry. With the provision of free comprehensive training online courses via the WeLearnTT Platform, citizens including public service officials can:  improve their basic, intermediate and advanced digital skills;  secure support for ICT business startups; and  access specialised skills aligned with national goals like data analysis, cybersecurity and AI.  With respect to Data Analytics in the public sector there are 62 courses that incorporate Data Analytics within the syllabi. These courses are provided through partnerships with multiple providers/Learning Management Systems such as CISCO, Coursera and Simplilearn.  Generally the ICT Division rolls out information system. Data analytics for decision-making is being gradually introduced at a basic level by way of user dashboards. There are also initiatives underway to bring more visualization to the Ministry 's data.","the Digital Skills Development Programme of the Ministry of Digital Transformation (MDT) is intended to bolster national digital literacy and meet the evolving demands of industry. With the provision of free comprehensive training online courses via the WeLearnTT Platform, citizens including public service officials can:  improve their basic, intermediate and advanced digital skills;  secure support for ICT business startups; and  access specialised skills aligned with national goals like data analysis, cybersecurity and AI.  With respect to Data Analytics in the public sector there are 62 courses that incorporate Data Analytics within the syllabi. These courses are provided through partnerships with multiple providers/Learning Management Systems such as CISCO, Coursera and Simplilearn.  Generally the ICT Division rolls out information system. Data analytics for decision-making is being gradually introduced at a basic level by way of user dashboards. There are also initiatives underway to bring more visualization to the Ministry 's data."
www.contrataciones.gov.py https://www.contrataciones.gov.py/solicitud-registro-proveedor.html Enlace a datos abiertos de contrataciones publicas: https://www.contrataciones.gov.py/datos/ Enlace al sistema de información estratégica: https://www.contrataciones.gov.py/dncp/sie/ https://www.quecompramos.gov.py/,www.contrataciones.gov.py https://www.contrataciones.gov.py/solicitud-registro-proveedor.html Link to public-procurement open data: https://www.contrataciones.gov.py/datos/ Link to the strategic information system: https://www.contrataciones.gov.py/dncp/sie/ https://www.quecompramos.gov.py/
www.mercadopublico.cl (sitio web transaccional) datos-abiertos.chilecompra.cl (sitio  web especializado en datos) www.chilecopmpra.cl (sitio web institucional),www.mercadopublico.cl (transactional website) datos-abiertos.chilecompra.cl (data-specialized website) www.chilecopmpra.cl (institutional website)
"www.sicop.go.cr https://www.observatoriocomprapublica.go.cr/ También se cuenta con información sobre proveedores, sanciones, garantías, entre otros.","www.sicop.go.cr https://www.observatoriocomprapublica.go.cr/ There is also information on suppliers, sanctions, guarantees, among others."
